"Time","Operation","Transfer(MKR)","Stake(MKR)","Executive/Poll","Options","Deci-sive"
"2021-12-16 16:00:00 013817138_000_000","FINAL_CHOICE","","10,102.26","Recognised Delegate Compensation Trial Performance Modifier - December 13, 2021","Yes",""
"2021-12-16 16:00:00 013817138_000_000","FINAL_CHOICE","","10,102.26","DAI Direct Deposit Module (D3M) Net Rates Spread - December 13, 2021","Yes",""
"2021-12-16 16:00:00 013817138_000_000","FINAL_CHOICE","","10,102.26","DAI Direct Deposit Module (D3M) Debt Ceiling Targeting - December 13, 2021","25% of Real AAVEv2 DAI Supply30% of Real AAVEv2 DAI Supply",""
"2021-12-15 06:06:56 013808012_005_000_0","CHOOSE","","10,102.26","Recognised Delegate Compensation Trial Performance Modifier - December 13, 2021","Yes",""
"2021-12-15 06:06:56 013808012_005_000_0","CHOOSE","","10,102.26","DAI Direct Deposit Module (D3M) Net Rates Spread - December 13, 2021","Yes",""
"2021-12-15 06:06:56 013808012_005_000_0","CHOOSE","","10,102.26","DAI Direct Deposit Module (D3M) Debt Ceiling Targeting - December 13, 2021","25% of Real AAVEv2 DAI Supply30% of Real AAVEv2 DAI Supply",""
"2021-12-11 02:09:45 013781072_388_000_2","VOTE","","10,102.26","Parameter Changes, Switching MKR Vesting Source - December 10, 2021","",""
"2021-12-11 02:09:45 013781072_388_000_1","MOVE VOTE","","10,102.26","Onboarding New Vault Types, Parameter Changes, and Core Unit Budget Distributions - November 26, 2021","",""
"2021-12-11 02:09:45 013781072_388_000_0","MOVE VOTE","","10,102.26","Parameter Changes, Delegate Compensation, Vault Onboarding - December 3, 2021","",""
"2021-12-09 16:00:00 013771945_000_000","FINAL_CHOICE","","10,102.26","Adjust MATIC-A System Parameters - December 06, 2021","Yes",""
"2021-12-09 16:00:00 013771945_000_000","FINAL_CHOICE","","10,102.26","Adjust wstETH-A System Parameters - December 06, 2021","Yes",""
"2021-12-07 17:16:36 013759780_243_000_0","CHOOSE","","10,102.26","Adjust wstETH-A System Parameters - December 06, 2021","Yes",""
"2021-12-07 17:16:36 013759780_243_000_0","CHOOSE","","10,102.26","Community Greenlight Poll - aUST (Anchor TerraUSD) - December 06, 2021","No (Defer)",""
"2021-12-07 17:16:36 013759780_243_000_0","CHOOSE","","10,102.26","Community Greenlight Poll - G-UNIv3-DAIUSDP (Gelato UniswapV3 DAI-USDP LP Token) - December 06, 2021","Yes (Greenlight)",""
"2021-12-07 17:16:36 013759780_243_000_0","CHOOSE","","10,102.26","Adjust MATIC-A System Parameters - December 06, 2021","Yes",""
"2021-12-07 00:30:27 013755426_121_000_2","VOTE","","10,102.26","Onboarding New Vault Types, Parameter Changes, and Core Unit Budget Distributions - November 26, 2021","",""
"2021-12-07 00:30:27 013755426_121_000_1","VOTE","","10,102.26","Parameter Changes, Delegate Compensation, Vault Onboarding - December 3, 2021","",""
"2021-12-07 00:30:27 013755426_121_000_0","MOVE VOTE","","10,102.26","Parameter Changes, Core Unit Budget Distribution - November 5, 2021","",""
"2021-12-02 16:00:00 013728245_000_000","FINAL_CHOICE","","10,102.26","Increase the Dust Parameter for ETH-B Vault Type - November 29, 2021","Yes",""
"2021-12-02 16:00:00 013728245_000_000","FINAL_CHOICE","","10,102.26","Increase the Dust Parameter for Most Vault Types - November 29, 2021","Yes",""
"2021-12-02 16:00:00 013728245_000_000","FINAL_CHOICE","","10,102.26","Use the MakerDAO Treasury to Fund MKR Expenses - November 29, 2021","Yes",""
"2021-12-02 16:00:00 013728245_000_000","FINAL_CHOICE","","10,102.26","Add GUNIV3DAIUSDC2-A as a new Vault Type - November 29, 2021","Yes",""
"2021-12-02 16:00:00 013728245_000_000","FINAL_CHOICE","","10,102.26","One Time Payment to the GovComms CU to Deal with Budget Issues - November 29, 2021","Yes",""
"2021-12-02 16:00:00 013728245_000_000","FINAL_CHOICE","","10,102.26","Parameter Changes Proposal - MakerDAO Open Market Committee - November 29, 2021","Yes",""
"2021-12-02 16:00:00 013728245_000_000","FINAL_CHOICE","","10,102.26","Add CurveLP-stETH-ETH as a new Vault Type - November 29, 2021","Yes",""
"2021-11-30 15:22:24 013715522_425_000_0","CHOOSE","","10,102.26","Add CurveLP-stETH-ETH as a new Vault Type - November 29, 2021","Yes",""
"2021-11-30 15:22:24 013715522_425_000_0","CHOOSE","","10,102.26","One Time Payment to the GovComms CU to Deal with Budget Issues - November 29, 2021","Yes",""
"2021-11-30 15:22:24 013715522_425_000_0","CHOOSE","","10,102.26","Add GUNIV3DAIUSDC2-A as a new Vault Type - November 29, 2021","Yes",""
"2021-11-30 15:22:24 013715522_425_000_0","CHOOSE","","10,102.26","Use the MakerDAO Treasury to Fund MKR Expenses - November 29, 2021","Yes",""
"2021-11-30 15:22:24 013715522_425_000_0","CHOOSE","","10,102.26","Increase the Dust Parameter for ETH-B Vault Type - November 29, 2021","Yes",""
"2021-11-30 15:22:24 013715522_425_000_0","CHOOSE","","10,102.26","Increase the Dust Parameter for Most Vault Types - November 29, 2021","Yes",""
"2021-11-30 15:22:24 013715522_425_000_0","CHOOSE","","10,102.26","Parameter Changes Proposal - MakerDAO Open Market Committee - November 29, 2021","Yes",""
"2021-11-29 16:00:00 013709502_000_000","FINAL_CHOICE","","10,102.26","Community Greenlight Poll - SB-frOGI (SolidBlock Red Frog Digital Coin) - November 15, 2021","Abstain",""
"2021-11-29 16:00:00 013709502_000_000","FINAL_CHOICE","","10,102.26","Community Greenlight Poll - MONETALIS (Monetalis Wholesale SME Green Growth Lending) - November 15, 2021","Abstain",""
"2021-11-25 16:00:00 013684401_000_000","FINAL_CHOICE","","10,102.26","Increase the System Surplus Buffer - November 22, 2021","Increase to 90 million by 1 million per week",""
"2021-11-25 16:00:00 013684401_000_000","FINAL_CHOICE","","10,102.26","Add WBTC-C as a new Vault Type - November 22, 2021","Yes",""
"2021-11-25 16:00:00 013684401_000_000","FINAL_CHOICE","","10,102.26","Increase the Aave D3M Maximum Debt Ceiling - November 22, 2021","Yes",""
"2021-11-25 16:00:00 013684401_000_000","FINAL_CHOICE","","10,102.26","Add a GUSD Peg Stability Module - November 22, 2021","Yes",""
"2021-11-24 16:45:09 013678307_276_000_0","CHOOSE","","10,102.26","Increase the Aave D3M Maximum Debt Ceiling - November 22, 2021","Yes",""
"2021-11-24 16:45:09 013678307_276_000_0","CHOOSE","","10,102.26","Add a GUSD Peg Stability Module - November 22, 2021","Yes",""
"2021-11-24 16:45:09 013678307_276_000_0","CHOOSE","","10,102.26","Increase the System Surplus Buffer - November 22, 2021","Increase to 90 million by 1 million per week",""
"2021-11-24 16:45:09 013678307_276_000_0","CHOOSE","","10,102.26","Add WBTC-C as a new Vault Type - November 22, 2021","Yes",""
"2021-11-22 16:00:00 013665411_000_000","FINAL_CHOICE","","10,102.26","Ratification Poll for Adding Sidestream Auction Services Core Unit, SAS-001 - November 8, 2021","Yes",""
"2021-11-22 16:00:00 013665411_000_000","FINAL_CHOICE","","10,102.26","Ratification Poll for Modify Core Unit Budget, MKT-001 (MIP40c3-SP33) - November 8, 2021","Yes",""
"2021-11-22 16:00:00 013665411_000_000","FINAL_CHOICE","","10,102.26","Ratification Poll for Modify Core Unit Budget, COM-001 (MIP40c3-SP40) - November 8, 2021","Yes",""
"2021-11-22 16:00:00 013665411_000_000","FINAL_CHOICE","","10,102.26","Ratification Poll for Modify Core Unit Budget, RWF-001 (MIP40c3-SP39) - November 8, 2021","Yes",""
"2021-11-22 16:00:00 013665411_000_000","FINAL_CHOICE","","10,102.26","Ratification Poll for the Immunefi Security Core Unit (IS-001) - November 8, 2021","Yes",""
"2021-11-22 16:00:00 013665411_000_000","FINAL_CHOICE","","10,102.26","Ratification Poll for Supplement to Collateral Onboarding Application (MIP6c3-SP1) - November 8, 2021","Yes",""
"2021-11-22 16:00:00 013665411_000_000","FINAL_CHOICE","","10,102.26","Ratification Poll for Adding the Deco Fixed Rate Core Unit (DECO-001) - November 8, 2021","Yes",""
"2021-11-18 16:00:00 013640264_000_000","FINAL_CHOICE","","10,102.26","Offboard the COMP-A Vault Type - November 15, 2021","Yes",""
"2021-11-18 16:00:00 013640264_000_000","FINAL_CHOICE","","10,102.26","Local Liquidation Limit Adjustments for ETH-A, ETH-B, ETH-C, WBTC-A and WSTETH-A - November 15, 2021","Yes",""
"2021-11-18 16:00:00 013640264_000_000","FINAL_CHOICE","","10,102.26","Rates Proposal - November 15, 2021","Yes",""
"2021-11-18 16:00:00 013640264_000_000","FINAL_CHOICE","","10,102.26","Offboard the AAVE-A Vault Type - November 15, 2021","Yes",""
"2021-11-18 16:00:00 013640264_000_000","FINAL_CHOICE","","10,102.26","Change of Covenants for P1-DROP (Peoples Company Series 1) - November 15, 2021","Abstain",""
"2021-11-18 16:00:00 013640264_000_000","FINAL_CHOICE","","10,102.26","Offboard the BAL-A Vault Type - November 15, 2021","Yes",""
"2021-11-17 23:30:15 013635893_083_000_0","CHOOSE","","10,102.26","Ratification Poll for Modify Core Unit Budget, RWF-001 (MIP40c3-SP39) - November 8, 2021","Yes",""
"2021-11-17 23:30:15 013635893_083_000_0","CHOOSE","","10,102.26","Community Greenlight Poll - SB-frOGI (SolidBlock Red Frog Digital Coin) - November 15, 2021","Abstain",""
"2021-11-17 23:30:15 013635893_083_000_0","CHOOSE","","10,102.26","Community Greenlight Poll - MONETALIS (Monetalis Wholesale SME Green Growth Lending) - November 15, 2021","Abstain",""
"2021-11-17 23:30:15 013635893_083_000_0","CHOOSE","","10,102.26","Local Liquidation Limit Adjustments for ETH-A, ETH-B, ETH-C, WBTC-A and WSTETH-A - November 15, 2021","Yes",""
"2021-11-17 23:30:15 013635893_083_000_0","CHOOSE","","10,102.26","Offboard the BAL-A Vault Type - November 15, 2021","Yes",""
"2021-11-17 23:30:15 013635893_083_000_0","CHOOSE","","10,102.26","Offboard the AAVE-A Vault Type - November 15, 2021","Yes",""
"2021-11-17 23:30:15 013635893_083_000_0","CHOOSE","","10,102.26","Offboard the COMP-A Vault Type - November 15, 2021","Yes",""
"2021-11-17 23:30:15 013635893_083_000_0","CHOOSE","","10,102.26","Change of Covenants for P1-DROP (Peoples Company Series 1) - November 15, 2021","Abstain",""
"2021-11-17 23:30:15 013635893_083_000_0","CHOOSE","","10,102.26","Rates Proposal - November 15, 2021","Yes",""
"2021-11-17 23:30:15 013635893_083_000_0","CHOOSE","","10,102.26","Ratification Poll for Modify Core Unit Budget, MKT-001 (MIP40c3-SP33) - November 8, 2021","Yes",""
"2021-11-17 23:30:15 013635893_083_000_0","CHOOSE","","10,102.26","Ratification Poll for Adding Sidestream Auction Services Core Unit, SAS-001 - November 8, 2021","Yes",""
"2021-11-17 23:30:15 013635893_083_000_0","CHOOSE","","10,102.26","Ratification Poll for Modify Core Unit Budget, COM-001 (MIP40c3-SP40) - November 8, 2021","Yes",""
"2021-11-15 16:00:00 013621260_000_000","FINAL_CHOICE","","10,102.26","Community Greenlight Poll - OHM (Olympus DAO) - November 1, 2021","No (Defer)",""
"2021-11-15 16:00:00 013621260_000_000","FINAL_CHOICE","","10,102.26","Community Greenlight Poll - MDI (MD Irradiance LLC) - November 1, 2021","Abstain",""
"2021-11-15 01:43:11 013617504_348_000_0","CHOOSE","","10,102.26","Community Greenlight Poll - OHM (Olympus DAO) - November 1, 2021","No (Defer)",""
"2021-11-11 16:00:00 013595847_000_000","FINAL_CHOICE","","10,102.26","DIRECT-AAVEV2-DAI Parameter Adjustments - November 8, 2021","Yes",""
"2021-11-11 16:00:00 013595847_000_000","FINAL_CHOICE","","10,102.26","Recognised Delegate Compensation Increase - November 8, 2021","Yes",""
"2021-11-11 16:00:00 013595847_000_000","FINAL_CHOICE","","10,102.26","NS-DROP Covenant Modification - November 8, 2021","Abstain",""
"2021-11-11 16:00:00 013595847_000_000","FINAL_CHOICE","","10,102.26","GUNIV3DAIUSDC-A Parameter Adjustments - November 8, 2021","Yes",""
"2021-11-11 16:00:00 013595847_000_000","FINAL_CHOICE","","10,102.26","Add WBTC-B as a new Vault Type - November 8, 2021","Yes",""
"2021-11-11 16:00:00 013595847_000_000","FINAL_CHOICE","","10,102.26","Increase the WSTETH-A Debt Ceiling - November 8, 2021","Yes",""
"2021-11-11 06:17:09 013593286_054_000_0","CHOOSE","","10,102.26","GUNIV3DAIUSDC-A Parameter Adjustments - November 8, 2021","Yes",""
"2021-11-11 06:17:09 013593286_054_000_0","CHOOSE","","10,102.26","NS-DROP Covenant Modification - November 8, 2021","Abstain",""
"2021-11-11 06:17:09 013593286_054_000_0","CHOOSE","","10,102.26","Recognised Delegate Compensation Increase - November 8, 2021","Yes",""
"2021-11-11 06:17:09 013593286_054_000_0","CHOOSE","","10,102.26","Increase the WSTETH-A Debt Ceiling - November 8, 2021","Yes",""
"2021-11-11 06:17:09 013593286_054_000_0","CHOOSE","","10,102.26","DIRECT-AAVEV2-DAI Parameter Adjustments - November 8, 2021","Yes",""
"2021-11-11 06:17:09 013593286_054_000_0","CHOOSE","","10,102.26","Ratification Poll for Adding the Deco Fixed Rate Core Unit (DECO-001) - November 8, 2021","Yes",""
"2021-11-11 06:17:09 013593286_054_000_0","CHOOSE","","10,102.26","Ratification Poll for the Immunefi Security Core Unit (IS-001) - November 8, 2021","Yes",""
"2021-11-11 06:17:09 013593286_054_000_0","CHOOSE","","10,102.26","Ratification Poll for Supplement to Collateral Onboarding Application (MIP6c3-SP1) - November 8, 2021","Yes",""
"2021-11-11 06:17:09 013593286_054_000_0","CHOOSE","","10,102.26","Add WBTC-B as a new Vault Type - November 8, 2021","Yes",""
"2021-11-06 06:05:26 013561333_131_000_2","VOTE","","10,102.26","Parameter Changes, Core Unit Budget Distribution - November 5, 2021","",""
"2021-11-06 06:05:26 013561333_131_000_1","MOVE VOTE","","10,102.26","Parameter Changes, WSTETH-A Onboarding - October 22, 2021","",""
"2021-11-06 06:05:26 013561333_131_000_0","MOVE VOTE","","10,102.26","Offboarding Vaults, MKR Vesting, and Core Unit Budget Distribution - October 8, 2021","",""
"2021-11-04 16:00:00 013551154_000_000","FINAL_CHOICE","","10,102.26","Parameter Changes Proposal - MakerDAO Open Market Committee - November 1, 2021","Yes",""
"2021-11-04 16:00:00 013551154_000_000","FINAL_CHOICE","","10,102.26","Lower PSM Vault Fees - November 1, 2021","Yes",""
"2021-11-03 16:05:05 013544826_008_001_2","UP-VOTE","","10,102.26","Parameter Changes, WSTETH-A Onboarding - October 22, 2021","",""
"2021-11-03 16:05:05 013544826_008_001_1","UP-VOTE","","10,102.26","Offboarding Vaults, MKR Vesting, and Core Unit Budget Distribution - October 8, 2021","",""
"2021-11-03 16:05:05 013544826_008_001_0","STAKE","0.00","10,102.26","","",""
"2021-11-03 05:17:21 013542015_214_000_0","CHOOSE","","10,102.26","Lower PSM Vault Fees - November 1, 2021","Yes",""
"2021-11-03 05:17:21 013542015_214_000_0","CHOOSE","","10,102.26","Community Greenlight Poll - MDI (MD Irradiance LLC) - November 1, 2021","Abstain",""
"2021-11-03 05:17:21 013542015_214_000_0","CHOOSE","","10,102.26","Parameter Changes Proposal - MakerDAO Open Market Committee - November 1, 2021","Yes",""
"2021-11-01 16:00:00 013532112_000_000","FINAL_CHOICE","","10,102.26","Community Greenlight Poll - OFH (Security Tokens Refinancing) - October 18, 2021","Yes (Greenlight)",""
"2021-11-01 16:00:00 013532112_000_000","FINAL_CHOICE","","10,102.26","Clean Money Sentiment - October 25, 2021","Yes",""
"2021-10-30 01:53:03 013515712_014_001_2","UP-VOTE","","10,102.26","Parameter Changes, WSTETH-A Onboarding - October 22, 2021","",""
"2021-10-30 01:53:03 013515712_014_001_1","UP-VOTE","","10,102.26","Offboarding Vaults, MKR Vesting, and Core Unit Budget Distribution - October 8, 2021","",""
"2021-10-30 01:53:03 013515712_014_001_0","STAKE","0.00","10,102.26","","",""
"2021-10-28 16:00:00 013506680_000_000","FINAL_CHOICE","","10,102.26","Recognised Delegate Compensation Trial - October 25, 2021","Yes",""
"2021-10-28 16:00:00 013506680_000_000","FINAL_CHOICE","","10,102.26","Raise the ESM threshold and Increase the Governance Delay - October 25, 2021","No",""
"2021-10-28 06:27:26 013504102_360_000_0","CHOOSE","","10,102.26","Raise the ESM threshold and Increase the Governance Delay - October 25, 2021","No",""
"2021-10-28 06:27:26 013504102_360_000_0","CHOOSE","","10,102.26","Community Greenlight Poll - OFH (Security Tokens Refinancing) - October 18, 2021","Yes (Greenlight)",""
"2021-10-28 06:27:26 013504102_360_000_0","CHOOSE","","10,102.26","Clean Money Sentiment - October 25, 2021","Yes",""
"2021-10-28 06:27:26 013504102_360_000_0","CHOOSE","","10,102.26","Recognised Delegate Compensation Trial - October 25, 2021","Yes",""
"2021-10-27 10:49:41 013498965_079_000_000_001_2","UP-VOTE","","10,102.26","Parameter Changes, WSTETH-A Onboarding - October 22, 2021","",""
"2021-10-27 10:49:41 013498965_079_000_000_001_1","UP-VOTE","","10,102.26","Offboarding Vaults, MKR Vesting, and Core Unit Budget Distribution - October 8, 2021","",""
"2021-10-27 10:49:41 013498965_079_000_000_001_0","STAKE","10,000.00","10,102.26","","",""
"2021-10-25 16:00:00 013487534_000_000","FINAL_CHOICE","","102.26","Ratification Poll for Adding the Deco Fixed Rate Core Unit (DECO-001) - October 11, 2021","Abstain",""
"2021-10-25 16:00:00 013487534_000_000","FINAL_CHOICE","","102.26","Ratification Poll for Adding Data Insights Core Unit (DIN-001) - October 11, 2021","Yes",""
"2021-10-25 16:00:00 013487534_000_000","FINAL_CHOICE","","102.26","Ratification Poll for Adding MakerLabs Core Unit (SNUNK-001) - October 11, 2021","Abstain",""
"2021-10-25 16:00:00 013487534_000_000","FINAL_CHOICE","","102.26","Ratification Poll for Implementation of DSS Charter (MIP59) - October 11, 2021","Yes",""
"2021-10-25 16:00:00 013487534_000_000","FINAL_CHOICE","","102.26","Ratification Poll for Modify Core Unit Budget, MKT-001 (MIP40c3-SP33) - October 11, 2021","Yes",""
"2021-10-25 16:00:00 013487534_000_000","FINAL_CHOICE","","102.26","Ratification Poll for Growth Core Unit Budget, GRO-001 (MIP40c3-SP37) - October 11, 2021","Yes",""
"2021-10-23 00:54:52 013470801_306_000_3","VOTE","","102.26","Parameter Changes, WSTETH-A Onboarding - October 22, 2021","",""
"2021-10-23 00:54:52 013470801_306_000_2","VOTE","","102.26","Offboarding Vaults, MKR Vesting, and Core Unit Budget Distribution - October 8, 2021","",""
"2021-10-23 00:54:52 013470801_306_000_1","MOVE VOTE","","102.26","Offboarding USDT Collateral, Core Unit Budget Distributions - October 1, 2021","",""
"2021-10-23 00:54:52 013470801_306_000_0","MOVE VOTE","","102.26","Offboarding Vaults, MKR Vesting, and Core Unit Budget Distribution - October 8, 2021","",""
"2021-10-21 16:00:00 013461957_000_000","FINAL_CHOICE","","102.26","Parameter Changes Proposal - MakerDAO Open Market Committee - October 18, 2021","Yes",""
"2021-10-19 19:02:11 013449951_018_000_0","CHOOSE","","102.26","Ratification Poll for Adding Data Insights Core Unit (DIN-001) - October 11, 2021","Yes",""
"2021-10-19 19:02:11 013449951_018_000_0","CHOOSE","","102.26","Ratification Poll for Implementation of DSS Charter (MIP59) - October 11, 2021","Yes",""
"2021-10-19 19:02:11 013449951_018_000_0","CHOOSE","","102.26","Ratification Poll for Adding MakerLabs Core Unit (SNUNK-001) - October 11, 2021","Abstain",""
"2021-10-19 19:02:11 013449951_018_000_0","CHOOSE","","102.26","Ratification Poll for Adding the Deco Fixed Rate Core Unit (DECO-001) - October 11, 2021","Abstain",""
"2021-10-19 19:02:11 013449951_018_000_0","CHOOSE","","102.26","Ratification Poll for Modify Core Unit Budget, MKT-001 (MIP40c3-SP33) - October 11, 2021","Yes",""
"2021-10-19 19:02:11 013449951_018_000_0","CHOOSE","","102.26","Parameter Changes Proposal - MakerDAO Open Market Committee - October 18, 2021","Yes",""
"2021-10-19 19:02:11 013449951_018_000_0","CHOOSE","","102.26","Ratification Poll for Growth Core Unit Budget, GRO-001 (MIP40c3-SP37) - October 11, 2021","Yes",""
"2021-10-14 16:00:00 013417283_000_000","FINAL_CHOICE","","102.26","Add the Aave Direct Deposit DAI Module (D3M) - October 11, 2021","Yes",""
"2021-10-14 16:00:00 013417283_000_000","FINAL_CHOICE","","102.26","Add stETH (Lido Staked ETH) as a new Vault Type - October 11, 2021","Yes",""
"2021-10-14 16:00:00 013417283_000_000","FINAL_CHOICE","","102.26","Nexo Institutional Vault Onboarding - October 11, 2021","Yes",""
"2021-10-14 16:00:00 013417283_000_000","FINAL_CHOICE","","102.26","PaperImperium Supplemental Compensation - October 11, 2021","Yes",""
"2021-10-14 16:00:00 013417283_000_000","FINAL_CHOICE","","102.26","Increase the GUNIV3DAIUSDC1-A Debt Ceiling - October 11, 2021","Yes",""
"2021-10-13 02:31:38 013407425_338_000_0","CHOOSE","","102.26","Nexo Institutional Vault Onboarding - October 11, 2021","Yes",""
"2021-10-13 02:31:38 013407425_338_000_0","CHOOSE","","102.26","Add stETH (Lido Staked ETH) as a new Vault Type - October 11, 2021","Yes",""
"2021-10-13 02:31:38 013407425_338_000_0","CHOOSE","","102.26","Add the Aave Direct Deposit DAI Module (D3M) - October 11, 2021","Yes",""
"2021-10-13 02:31:38 013407425_338_000_0","CHOOSE","","102.26","PaperImperium Supplemental Compensation - October 11, 2021","Yes",""
"2021-10-13 02:31:38 013407425_338_000_0","CHOOSE","","102.26","Increase the GUNIV3DAIUSDC1-A Debt Ceiling - October 11, 2021","Yes",""
"2021-10-09 12:58:34 013384672_029_000_3","VOTE","","102.26","Offboarding USDT Collateral, Core Unit Budget Distributions - October 1, 2021","",""
"2021-10-09 12:58:34 013384672_029_000_2","VOTE","","102.26","Offboarding Vaults, MKR Vesting, and Core Unit Budget Distribution - October 8, 2021","",""
"2021-10-09 12:58:34 013384672_029_000_1","MOVE VOTE","","102.26","Offboarding USDT Collateral, Core Unit Budget Distributions - October 1, 2021","",""
"2021-10-09 12:58:34 013384672_029_000_0","MOVE VOTE","","102.26","Adjusting Auction Parameters and Testing Layer 2 Components - September 24, 2021","",""
"2021-10-03 22:38:31 013348965_014_000_0","CHOOSE","","102.26","Community Greenlight Poll - REIF-DROP (Commercial Real Estate Assets DROP) - September 20, 2021","Abstain",""
"2021-10-03 22:38:31 013348965_014_000_0","CHOOSE","","102.26","Community Greenlight Poll - SB-DDC (Solid Block Detox Digital Coins) - September 20, 2021","Abstain",""
"2021-10-02 04:52:43 013337844_068_000_3","VOTE","","102.26","Offboarding USDT Collateral, Core Unit Budget Distributions - October 1, 2021","",""
"2021-10-02 04:52:43 013337844_068_000_2","VOTE","","102.26","Adjusting Auction Parameters and Testing Layer 2 Components - September 24, 2021","",""
"2021-10-02 04:52:43 013337844_068_000_1","MOVE VOTE","","102.26","Collateral Onboarding and Offboarding, PSM DC-IAM changes - September 17, 2021","",""
"2021-10-02 04:52:43 013337844_068_000_0","MOVE VOTE","","102.26","Adjusting Auction Parameters and Testing Layer 2 Components - September 24, 2021","",""
"2021-09-27 16:00:00 013308756_000_000","FINAL_CHOICE","","102.26","Ratification Poll for Collateral Engineering Services Core Unit, CES-001 - September 13, 2021","Yes",""
"2021-09-27 16:00:00 013308756_000_000","FINAL_CHOICE","","102.26","Ratification Poll for RWA Foundations (MIP58) - September 13, 2021","Abstain",""
"2021-09-27 16:00:00 013308756_000_000","FINAL_CHOICE","","102.26","Ratification Poll for Development & UX Core Unit, DUX-001 - September 13, 2021","Yes",""
"2021-09-27 16:00:00 013308756_000_000","FINAL_CHOICE","","102.26","Ratification Poll for GovAlpha Core Unit Budget Q4 2021 to Q1 2022 (MIP40c3-SP29) - September 13, 2021","Yes",""
"2021-09-27 16:00:00 013308756_000_000","FINAL_CHOICE","","102.26","Ratification Poll for StarkNet Engineering Core Unit, SNE-001 - September 13, 2021","Abstain",""
"2021-09-27 16:00:00 013308756_000_000","FINAL_CHOICE","","102.26","Ratification Poll for Strategic Happiness Core Unit, SH-001 - September 13, 2021","Yes",""
"2021-09-27 16:00:00 013308756_000_000","FINAL_CHOICE","","102.26","Ratification Poll for Risk Core Unit MKR Compensation (MIP40c3-SP25) -  September 13, 2021","Yes",""
"2021-09-27 16:00:00 013308756_000_000","FINAL_CHOICE","","102.26","Ratification Poll for Modify Core Unit Budget - Sustainable Ecosystem Scaling (MIP40c3-SP31) - September 13, 2021","Yes",""
"2021-09-24 18:38:52 013290126_218_000_2","VOTE","","102.26","Collateral Onboarding and Offboarding, PSM DC-IAM changes - September 17, 2021","",""
"2021-09-24 18:38:52 013290126_218_000_1","VOTE","","102.26","Adjusting Auction Parameters and Testing Layer 2 Components - September 24, 2021","",""
"2021-09-24 18:38:52 013290126_218_000_0","MOVE VOTE","","102.26","Collateral Onboarding and Offboarding, PSM DC-IAM changes - September 17, 2021","",""
"2021-09-23 16:00:00 013282937_000_000","FINAL_CHOICE","","102.26","Adjusting Auction Parameters for ETH-A, ETH-B, ETH-C, and WBTC-A - September 20, 2021","Yes",""
"2021-09-23 16:00:00 013282937_000_000","FINAL_CHOICE","","102.26","Increase the System Surplus Buffer - September 20, 2021","Yes",""
"2021-09-22 03:09:52 013273068_041_000_0","CHOOSE","","102.26","Increase the System Surplus Buffer - September 20, 2021","Yes",""
"2021-09-22 03:09:52 013273068_041_000_0","CHOOSE","","102.26","Adjusting Auction Parameters for ETH-A, ETH-B, ETH-C, and WBTC-A - September 20, 2021","Yes",""
"2021-09-21 03:53:21 013266792_053_000_1","VOTE","","102.26","Collateral Onboarding and Offboarding, PSM DC-IAM changes - September 17, 2021","",""
"2021-09-21 03:53:21 013266792_053_000_0","MOVE VOTE","","102.26","Parameter Changes, September Core Unit Budgets, DssVest Streams - September 3, 2021","",""
"2021-09-20 16:00:00 013263577_000_000","FINAL_CHOICE","","102.26","Community Greenlight Poll - RAI (Rai Reflex Index) - September 6, 2021","Abstain",""
"2021-09-20 16:00:00 013263577_000_000","FINAL_CHOICE","","102.26","Community Greenlight Poll - RARE (SuperRare) - September 6, 2021","No (Defer)",""
"2021-09-16 16:00:00 013237728_000_000","FINAL_CHOICE","","102.26","Offboard KNC Legacy Token - September 13, 2021","Yes",""
"2021-09-16 16:00:00 013237728_000_000","FINAL_CHOICE","","102.26","Add GUNIV3DAIUSDC1-A as a new Vault Type - September 13, 2021","Yes",""
"2021-09-16 16:00:00 013237728_000_000","FINAL_CHOICE","","102.26","Adopt the Debt Ceiling Instant Access Module (DC-IAM) for PSM-PAX-A - September 13, 2021","Yes",""
"2021-09-14 04:55:39 013221790_019_000_0","CHOOSE","","102.26","Ratification Poll for GovAlpha Core Unit Budget Q4 2021 to Q1 2022 (MIP40c3-SP29) - September 13, 2021","Yes",""
"2021-09-14 04:55:39 013221790_019_000_0","CHOOSE","","102.26","Ratification Poll for RWA Foundations (MIP58) - September 13, 2021","Abstain",""
"2021-09-14 04:55:39 013221790_019_000_0","CHOOSE","","102.26","Ratification Poll for Development & UX Core Unit, DUX-001 - September 13, 2021","Yes",""
"2021-09-14 04:55:39 013221790_019_000_0","CHOOSE","","102.26","Ratification Poll for Strategic Happiness Core Unit, SH-001 - September 13, 2021","Yes",""
"2021-09-14 04:55:39 013221790_019_000_0","CHOOSE","","102.26","Add GUNIV3DAIUSDC1-A as a new Vault Type - September 13, 2021","Yes",""
"2021-09-14 04:55:39 013221790_019_000_0","CHOOSE","","102.26","Ratification Poll for StarkNet Engineering Core Unit, SNE-001 - September 13, 2021","Abstain",""
"2021-09-14 04:55:39 013221790_019_000_0","CHOOSE","","102.26","Community Greenlight Poll - RARE (SuperRare) - September 6, 2021","No (Defer)",""
"2021-09-14 04:55:39 013221790_019_000_0","CHOOSE","","102.26","Community Greenlight Poll - RAI (Rai Reflex Index) - September 6, 2021","Abstain",""
"2021-09-14 04:55:39 013221790_019_000_0","CHOOSE","","102.26","Adopt the Debt Ceiling Instant Access Module (DC-IAM) for PSM-PAX-A - September 13, 2021","Yes",""
"2021-09-14 04:55:39 013221790_019_000_0","CHOOSE","","102.26","Offboard KNC Legacy Token - September 13, 2021","Yes",""
"2021-09-14 04:55:39 013221790_019_000_0","CHOOSE","","102.26","Ratification Poll for Risk Core Unit MKR Compensation (MIP40c3-SP25) -  September 13, 2021","Yes",""
"2021-09-14 04:55:39 013221790_019_000_0","CHOOSE","","102.26","Ratification Poll for Collateral Engineering Services Core Unit, CES-001 - September 13, 2021","Yes",""
"2021-09-14 04:55:39 013221790_019_000_0","CHOOSE","","102.26","Ratification Poll for Modify Core Unit Budget - Sustainable Ecosystem Scaling (MIP40c3-SP31) - September 13, 2021","Yes",""
"2021-09-06 02:54:59 013169644_232_000_1","VOTE","","102.26","Parameter Changes, September Core Unit Budgets, DssVest Streams - September 3, 2021","",""
"2021-09-06 02:54:59 013169644_232_000_0","MOVE VOTE","","102.26","Vault Onboarding, 6s Updates, and Reducing Vault Liquidation Ratios - August 20, 2021","",""
"2021-09-02 16:00:00 013147236_000_000","FINAL_CHOICE","","102.26","Lower the Flash Mint Fee (toll) to 0% - August 30, 2021","Yes",""
"2021-09-02 16:00:00 013147236_000_000","FINAL_CHOICE","","102.26","Add RWA007 (SolarX) as a new RWA Vault Type - August 30, 2021","Abstain",""
"2021-08-31 05:33:49 013131499_047_000_0","CHOOSE","","102.26","Add RWA007 (SolarX) as a new RWA Vault Type - August 30, 2021","Abstain",""
"2021-08-31 05:33:49 013131499_047_000_0","CHOOSE","","102.26","Lower the Flash Mint Fee (toll) to 0% - August 30, 2021","Yes",""
"2021-08-30 16:00:00 013127846_000_000","FINAL_CHOICE","","102.26","Community Greenlight Poll - CNC1-DROP (CapitalNow Cannabis DROP) - August 16, 2021","Yes (Greenlight)",""
"2021-08-30 16:00:00 013127846_000_000","FINAL_CHOICE","","102.26","Community Greenlight Poll - CGFF-DROP (Cauris Global Fintech Fund DROP) - August 16, 2021","Yes (Greenlight)",""
"2021-08-30 16:00:00 013127846_000_000","FINAL_CHOICE","","102.26","Community Greenlight Poll - NCP01-DROP (Nebula Capital Partners DROP) - August 16, 2021","Yes (Greenlight)",""
"2021-08-30 05:00:44 013124864_005_000_0","CHOOSE","","102.26","Community Greenlight Poll - NCP01-DROP (Nebula Capital Partners DROP) - August 16, 2021","Yes (Greenlight)",""
"2021-08-30 05:00:44 013124864_005_000_0","CHOOSE","","102.26","Community Greenlight Poll - CNC1-DROP (CapitalNow Cannabis DROP) - August 16, 2021","Yes (Greenlight)",""
"2021-08-30 05:00:44 013124864_005_000_0","CHOOSE","","102.26","Community Greenlight Poll - CGFF-DROP (Cauris Global Fintech Fund DROP) - August 16, 2021","Yes (Greenlight)",""
"2021-08-27 08:30:16 013106436_162_001_1","UP-VOTE","","102.26","Vault Onboarding, 6s Updates, and Reducing Vault Liquidation Ratios - August 20, 2021","",""
"2021-08-27 08:30:16 013106436_162_001_0","STAKE","89.80","102.26","","",""
"2021-08-26 05:12:10 013099019_053_001_1","UP-VOTE","","12.45","Vault Onboarding, 6s Updates, and Reducing Vault Liquidation Ratios - August 20, 2021","",""
"2021-08-26 05:12:10 013099019_053_001_0","STAKE","3.72","12.45","","",""
"2021-08-25 19:31:25 013096400_017_001_1","UP-VOTE","","8.73","Vault Onboarding, 6s Updates, and Reducing Vault Liquidation Ratios - August 20, 2021","",""
"2021-08-25 19:31:25 013096400_017_001_0","STAKE","7.68","8.73","","",""
"2021-08-23 16:00:00 013082501_000_000","FINAL_CHOICE","","1.06","Ratification Poll for Declaration of Intent - Onboarding a new collateral type backed by B.Protocol v2 (MIP13c3-SP11) - August 9, 2021","Yes",""
"2021-08-23 16:00:00 013082501_000_000","FINAL_CHOICE","","1.06","Ratification Poll for DAI Foundation Core Unit, DAIF-001 - August 9, 2021","Yes",""
"2021-08-23 16:00:00 013082501_000_000","FINAL_CHOICE","","1.06","Ratification Poll for Growth Core Unit MKR Budget, GRO-001 (MIP40c3-SP23) - August 9, 2021","Yes",""
"2021-08-23 05:05:09 013079589_111_000_1","VOTE","","1.06","Vault Onboarding, 6s Updates, and Reducing Vault Liquidation Ratios - August 20, 2021","",""
"2021-08-23 05:05:09 013079589_111_000_0","MOVE VOTE","","1.06","MOMC Proposal, August Core Unit Budgets, Housekeeping - August 6, 2021","",""
"2021-08-19 16:00:00 013056663_000_000","FINAL_CHOICE","","1.06","Reduce Vault Liquidation Ratios - August 16, 2021","Yes",""
"2021-08-19 16:00:00 013056663_000_000","FINAL_CHOICE","","1.06","Onboarding PAX Peg Stability Module - August 16, 2021","Yes",""
"2021-08-18 05:25:53 013047347_237_000_0","CHOOSE","","1.06","Reduce Vault Liquidation Ratios - August 16, 2021","Yes",""
"2021-08-18 05:25:53 013047347_237_000_0","CHOOSE","","1.06","Onboarding PAX Peg Stability Module - August 16, 2021","Yes",""
"2021-08-16 16:00:00 013037178_000_000","FINAL_CHOICE","","1.06","Community Greenlight Poll - RWA-120dB (120dB Films) - August 02, 2021","Yes (Greenlight)",""
"2021-08-12 06:31:59 013008760_291_000_0","CHOOSE","","1.06","Community Greenlight Poll - RWA-120dB (120dB Films) - August 02, 2021","Yes (Greenlight)",""
"2021-08-12 06:31:59 013008760_291_000_0","CHOOSE","","1.06","Ratification Poll for DAI Foundation Core Unit, DAIF-001 - August 9, 2021","Yes",""
"2021-08-12 06:31:59 013008760_291_000_0","CHOOSE","","1.06","Ratification Poll for Declaration of Intent - Onboarding a new collateral type backed by B.Protocol v2 (MIP13c3-SP11) - August 9, 2021","Yes",""
"2021-08-12 06:31:59 013008760_291_000_0","CHOOSE","","1.06","Ratification Poll for Growth Core Unit MKR Budget, GRO-001 (MIP40c3-SP23) - August 9, 2021","Yes",""
"2021-08-12 06:31:59 013008760_283_000_0","VOTE","","1.06","MOMC Proposal, August Core Unit Budgets, Housekeeping - August 6, 2021","",""
"2021-08-02 23:59:18 012949045_126_001_0","STAKE","1.06","1.06","","",""