"Time","Operation","Transfer(MKR)","Stake(MKR)","Executive/Poll","Options","Deci-sive"
"2021-12-16 05:24:19 013814278_165_001_1","DOWN-VOTE","","8,222.70","Parameter Changes, Core Unit Budget Distribution - November 5, 2021","",""
"2021-12-16 05:24:19 013814278_165_001_0","WITHDRAW","-2.10","8,220.61","","",""
"2021-12-13 04:43:34 013794733_067_000_000_001_1","DOWN-VOTE","","8,406.43","Parameter Changes, Core Unit Budget Distribution - November 5, 2021","",""
"2021-12-13 04:43:34 013794733_067_000_000_001_0","WITHDRAW","-183.73","8,222.70","","",""
"2021-12-08 18:12:46 013766305_158_001_1","DOWN-VOTE","","8,506.43","Parameter Changes, Core Unit Budget Distribution - November 5, 2021","",""
"2021-12-08 18:12:46 013766305_158_001_0","WITHDRAW","-100.00","8,406.43","","",""
"2021-11-15 16:00:00 013621260_000_000","FINAL_CHOICE","","8,506.43","Community Greenlight Poll - MDI (MD Irradiance LLC) - November 1, 2021","Yes (Greenlight)",""
"2021-11-15 16:00:00 013621260_000_000","FINAL_CHOICE","","8,506.43","Community Greenlight Poll - OHM (Olympus DAO) - November 1, 2021","No (Defer)",""
"2021-11-11 16:00:00 013595847_000_000","FINAL_CHOICE","","8,506.43","DIRECT-AAVEV2-DAI Parameter Adjustments - November 8, 2021","Yes",""
"2021-11-11 16:00:00 013595847_000_000","FINAL_CHOICE","","8,506.43","Recognised Delegate Compensation Increase - November 8, 2021","Yes",""
"2021-11-11 16:00:00 013595847_000_000","FINAL_CHOICE","","8,506.43","NS-DROP Covenant Modification - November 8, 2021","No",""
"2021-11-11 16:00:00 013595847_000_000","FINAL_CHOICE","","8,506.43","GUNIV3DAIUSDC-A Parameter Adjustments - November 8, 2021","Yes",""
"2021-11-11 16:00:00 013595847_000_000","FINAL_CHOICE","","8,506.43","Add WBTC-B as a new Vault Type - November 8, 2021","Yes",""
"2021-11-11 16:00:00 013595847_000_000","FINAL_CHOICE","","8,506.43","Increase the WSTETH-A Debt Ceiling - November 8, 2021","Yes",""
"2021-11-10 15:57:32 013589414_109_001_1","DOWN-VOTE","","8,511.07","Parameter Changes, Core Unit Budget Distribution - November 5, 2021","",""
"2021-11-10 15:57:32 013589414_109_001_0","WITHDRAW","-4.65","8,506.43","","",""
"2021-11-10 01:02:44 013585464_202_000_0","CHOOSE","","8,511.07","Recognised Delegate Compensation Increase - November 8, 2021","Yes",""
"2021-11-10 01:02:44 013585464_202_000_0","CHOOSE","","8,511.07","NS-DROP Covenant Modification - November 8, 2021","No",""
"2021-11-10 01:02:44 013585464_202_000_0","CHOOSE","","8,511.07","GUNIV3DAIUSDC-A Parameter Adjustments - November 8, 2021","Yes",""
"2021-11-10 01:02:44 013585464_202_000_0","CHOOSE","","8,511.07","Increase the WSTETH-A Debt Ceiling - November 8, 2021","Yes",""
"2021-11-10 01:02:44 013585464_202_000_0","CHOOSE","","8,511.07","DIRECT-AAVEV2-DAI Parameter Adjustments - November 8, 2021","Yes",""
"2021-11-10 01:02:44 013585464_202_000_0","CHOOSE","","8,511.07","Add WBTC-B as a new Vault Type - November 8, 2021","Yes",""
"2021-11-06 00:31:52 013559843_284_000_1","VOTE","","8,511.07","Parameter Changes, Core Unit Budget Distribution - November 5, 2021","",""
"2021-11-06 00:31:52 013559843_284_000_0","MOVE VOTE","","8,511.07","Aave D3M Onboarding and Core Unit Budget Transfers - October 29, 2021","",""
"2021-11-04 16:00:00 013551154_000_000","FINAL_CHOICE","","8,511.07","Parameter Changes Proposal - MakerDAO Open Market Committee - November 1, 2021","Yes",""
"2021-11-04 16:00:00 013551154_000_000","FINAL_CHOICE","","8,511.07","Lower PSM Vault Fees - November 1, 2021","No",""
"2021-11-04 00:00:03 013546975_245_000_1","CHOOSE","","8,511.07","Community Greenlight Poll - MDI (MD Irradiance LLC) - November 1, 2021","Yes (Greenlight)",""
"2021-11-04 00:00:03 013546975_245_000_0","RETRACT","","8,511.07","Community Greenlight Poll - MDI (MD Irradiance LLC) - November 1, 2021","",""
"2021-11-01 17:09:38 013532403_275_000_0","CHOOSE","","8,511.07","Community Greenlight Poll - OHM (Olympus DAO) - November 1, 2021","No (Defer)",""
"2021-11-01 17:09:38 013532403_275_000_0","CHOOSE","","8,511.07","Community Greenlight Poll - MDI (MD Irradiance LLC) - November 1, 2021","Abstain",""
"2021-11-01 17:09:38 013532403_275_000_0","CHOOSE","","8,511.07","Lower PSM Vault Fees - November 1, 2021","No",""
"2021-11-01 17:09:38 013532403_275_000_0","CHOOSE","","8,511.07","Parameter Changes Proposal - MakerDAO Open Market Committee - November 1, 2021","Yes",""
"2021-11-01 16:00:00 013532112_000_000","FINAL_CHOICE","","8,511.07","Community Greenlight Poll - CSC (Curio Stablecoin) - October 18, 2021","Abstain",""
"2021-11-01 16:00:00 013532112_000_000","FINAL_CHOICE","","8,511.07","Community Greenlight Poll - OFH (Security Tokens Refinancing) - October 18, 2021","Yes (Greenlight)",""
"2021-11-01 16:00:00 013532112_000_000","FINAL_CHOICE","","8,511.07","Community Greenlight Poll - TM2-DROP (Technology Metals Market) - October 18, 2021","Abstain",""
"2021-11-01 16:00:00 013532112_000_000","FINAL_CHOICE","","8,511.07","Clean Money Sentiment - October 25, 2021","Abstain",""
"2021-11-01 10:32:32 013530666_247_000_0","CHOOSE","","8,511.07","Clean Money Sentiment - October 25, 2021","Abstain",""
"2021-10-31 11:46:16 013524597_078_000_1","VOTE","","8,511.07","Aave D3M Onboarding and Core Unit Budget Transfers - October 29, 2021","",""
"2021-10-31 11:46:16 013524597_078_000_0","MOVE VOTE","","8,511.07","Offboarding Vaults, MKR Vesting, and Core Unit Budget Distribution - October 8, 2021","",""
"2021-10-28 16:00:00 013506680_000_000","FINAL_CHOICE","","8,511.07","Recognised Delegate Compensation Trial - October 25, 2021","Yes",""
"2021-10-28 16:00:00 013506680_000_000","FINAL_CHOICE","","8,511.07","Raise the ESM threshold and Increase the Governance Delay - October 25, 2021","No",""
"2021-10-27 21:43:26 013501846_026_000_0","CHOOSE","","8,511.07","Recognised Delegate Compensation Trial - October 25, 2021","Yes",""
"2021-10-27 21:43:26 013501846_026_000_0","CHOOSE","","8,511.07","Raise the ESM threshold and Increase the Governance Delay - October 25, 2021","No",""
"2021-10-27 10:44:34 013498940_167_000_000_001_1","DOWN-VOTE","","28,511.07","Offboarding Vaults, MKR Vesting, and Core Unit Budget Distribution - October 8, 2021","",""
"2021-10-27 10:44:34 013498940_167_000_000_001_0","WITHDRAW","-20,000.00","8,511.07","","",""
"2021-10-25 16:00:00 013487534_000_000","FINAL_CHOICE","","28,511.07","Ratification Poll for Growth Core Unit Budget, GRO-001 (MIP40c3-SP37) - October 11, 2021","Yes",""
"2021-10-25 16:00:00 013487534_000_000","FINAL_CHOICE","","28,511.07","Ratification Poll for Modify Core Unit Budget, MKT-001 (MIP40c3-SP33) - October 11, 2021","No",""
"2021-10-25 16:00:00 013487534_000_000","FINAL_CHOICE","","28,511.07","Ratification Poll for Implementation of DSS Charter (MIP59) - October 11, 2021","Yes",""
"2021-10-25 16:00:00 013487534_000_000","FINAL_CHOICE","","28,511.07","Ratification Poll for Adding MakerLabs Core Unit (SNUNK-001) - October 11, 2021","No",""
"2021-10-25 16:00:00 013487534_000_000","FINAL_CHOICE","","28,511.07","Ratification Poll for Adding the Deco Fixed Rate Core Unit (DECO-001) - October 11, 2021","No",""
"2021-10-25 16:00:00 013487534_000_000","FINAL_CHOICE","","28,511.07","Ratification Poll for Adding Data Insights Core Unit (DIN-001) - October 11, 2021","Yes",""
"2021-10-23 11:29:57 013473486_127_000_1","CHOOSE","","28,511.07","Ratification Poll for Adding the Deco Fixed Rate Core Unit (DECO-001) - October 11, 2021","No",""
"2021-10-23 11:29:57 013473486_127_000_0","RETRACT","","28,511.07","Ratification Poll for Adding the Deco Fixed Rate Core Unit (DECO-001) - October 11, 2021","",""
"2021-10-21 16:00:00 013461957_000_000","FINAL_CHOICE","","28,511.07","Parameter Changes Proposal - MakerDAO Open Market Committee - October 18, 2021","Yes",""
"2021-10-21 15:14:58 013461755_200_001_1","UP-VOTE","","28,511.07","Offboarding Vaults, MKR Vesting, and Core Unit Budget Distribution - October 8, 2021","",""
"2021-10-21 15:14:58 013461755_200_001_0","STAKE","199.00","28,511.07","","",""
"2021-10-20 19:07:10 013456390_360_000_1","CHOOSE","","28,312.07","Community Greenlight Poll - OFH (Security Tokens Refinancing) - October 18, 2021","Yes (Greenlight)",""
"2021-10-20 19:07:10 013456390_360_000_0","RETRACT","","28,312.07","Community Greenlight Poll - OFH (Security Tokens Refinancing) - October 18, 2021","",""
"2021-10-20 14:22:26 013455118_264_000_1","CHOOSE","","28,312.07","Ratification Poll for Adding the Deco Fixed Rate Core Unit (DECO-001) - October 11, 2021","Abstain",""
"2021-10-20 14:22:26 013455118_264_000_0","CHOOSE","","28,312.07","Community Greenlight Poll - CSC (Curio Stablecoin) - October 18, 2021","Abstain",""
"2021-10-20 14:22:26 013455118_264_000_0","CHOOSE","","28,312.07","Community Greenlight Poll - OFH (Security Tokens Refinancing) - October 18, 2021","Abstain",""
"2021-10-20 14:22:26 013455118_264_000_0","CHOOSE","","28,312.07","Community Greenlight Poll - TM2-DROP (Technology Metals Market) - October 18, 2021","Abstain",""
"2021-10-20 14:22:26 013455118_264_000_0","CHOOSE","","28,312.07","Parameter Changes Proposal - MakerDAO Open Market Committee - October 18, 2021","Yes",""
"2021-10-20 14:22:26 013455118_264_000_0","RETRACT","","28,312.07","Ratification Poll for Adding the Deco Fixed Rate Core Unit (DECO-001) - October 11, 2021","",""
"2021-10-18 16:00:00 013442748_000_000","FINAL_CHOICE","","28,312.07","Community Greenlight Poll - CurveLP-stETH-ETH (Curve stETH-ETH LP Token) - October 4, 2021","Abstain",""
"2021-10-14 16:00:00 013417283_000_000","FINAL_CHOICE","","28,312.07","Add stETH (Lido Staked ETH) as a new Vault Type - October 11, 2021","Yes",""
"2021-10-14 16:00:00 013417283_000_000","FINAL_CHOICE","","28,312.07","Nexo Institutional Vault Onboarding - October 11, 2021","Yes",""
"2021-10-14 16:00:00 013417283_000_000","FINAL_CHOICE","","28,312.07","PaperImperium Supplemental Compensation - October 11, 2021","Abstain",""
"2021-10-14 16:00:00 013417283_000_000","FINAL_CHOICE","","28,312.07","Add the Aave Direct Deposit DAI Module (D3M) - October 11, 2021","Yes",""
"2021-10-14 16:00:00 013417283_000_000","FINAL_CHOICE","","28,312.07","Increase the GUNIV3DAIUSDC1-A Debt Ceiling - October 11, 2021","Yes",""
"2021-10-14 03:24:44 013413940_098_000_1","CHOOSE","","28,312.07","Ratification Poll for Adding the Deco Fixed Rate Core Unit (DECO-001) - October 11, 2021","Yes",""
"2021-10-14 03:24:44 013413940_098_000_0","RETRACT","","28,312.07","Ratification Poll for Adding the Deco Fixed Rate Core Unit (DECO-001) - October 11, 2021","",""
"2021-10-13 01:38:20 013407202_018_000_0","CHOOSE","","28,312.07","Ratification Poll for Modify Core Unit Budget, MKT-001 (MIP40c3-SP33) - October 11, 2021","No",""
"2021-10-13 01:38:20 013407202_018_000_0","CHOOSE","","28,312.07","Ratification Poll for Adding MakerLabs Core Unit (SNUNK-001) - October 11, 2021","No",""
"2021-10-12 13:54:13 013404021_129_000_1","CHOOSE","","28,312.07","Community Greenlight Poll - CurveLP-stETH-ETH (Curve stETH-ETH LP Token) - October 4, 2021","Abstain",""
"2021-10-12 13:54:13 013404021_129_000_0","CHOOSE","","28,312.07","Ratification Poll for Implementation of DSS Charter (MIP59) - October 11, 2021","Yes",""
"2021-10-12 13:54:13 013404021_129_000_0","CHOOSE","","28,312.07","Ratification Poll for Growth Core Unit Budget, GRO-001 (MIP40c3-SP37) - October 11, 2021","Yes",""
"2021-10-12 13:54:13 013404021_129_000_0","CHOOSE","","28,312.07","Ratification Poll for Adding Data Insights Core Unit (DIN-001) - October 11, 2021","Yes",""
"2021-10-12 13:54:13 013404021_129_000_0","CHOOSE","","28,312.07","Ratification Poll for Adding the Deco Fixed Rate Core Unit (DECO-001) - October 11, 2021","No",""
"2021-10-12 13:54:13 013404021_129_000_0","CHOOSE","","28,312.07","Nexo Institutional Vault Onboarding - October 11, 2021","Yes",""
"2021-10-12 13:54:13 013404021_129_000_0","CHOOSE","","28,312.07","Add stETH (Lido Staked ETH) as a new Vault Type - October 11, 2021","Yes",""
"2021-10-12 13:54:13 013404021_129_000_0","CHOOSE","","28,312.07","Increase the GUNIV3DAIUSDC1-A Debt Ceiling - October 11, 2021","Yes",""
"2021-10-12 13:54:13 013404021_129_000_0","CHOOSE","","28,312.07","Add the Aave Direct Deposit DAI Module (D3M) - October 11, 2021","Yes",""
"2021-10-12 13:54:13 013404021_129_000_0","CHOOSE","","28,312.07","PaperImperium Supplemental Compensation - October 11, 2021","Abstain",""
"2021-10-12 13:54:13 013404021_129_000_0","RETRACT","","28,312.07","Community Greenlight Poll - CurveLP-stETH-ETH (Curve stETH-ETH LP Token) - October 4, 2021","",""
"2021-10-09 12:31:13 013384551_051_000_1","VOTE","","28,312.07","Offboarding Vaults, MKR Vesting, and Core Unit Budget Distribution - October 8, 2021","","YES"
"2021-10-09 12:31:13 013384551_051_000_0","MOVE VOTE","","28,312.07","Offboarding USDT Collateral, Core Unit Budget Distributions - October 1, 2021","",""
"2021-10-07 16:00:00 013372748_000_000","FINAL_CHOICE","","28,312.07","Offboard the BAT-A Vault Type - October 4, 2021","Yes",""
"2021-10-07 16:00:00 013372748_000_000","FINAL_CHOICE","","28,312.07","Offboard the ZRX-A Vault Type - October 4, 2021","Yes",""
"2021-10-07 16:00:00 013372748_000_000","FINAL_CHOICE","","28,312.07","Offboard the UNIV2LINKETH-A Vault Type - October 4, 2021","Yes",""
"2021-10-07 16:00:00 013372748_000_000","FINAL_CHOICE","","28,312.07","Offboard the LRC-A Vault Type - October 4, 2021","Yes",""
"2021-10-07 16:00:00 013372748_000_000","FINAL_CHOICE","","28,312.07","Offboard the UNIV2AAVEETH-A Vault Type - October 4, 2021","Yes",""
"2021-10-06 13:34:15 013365695_187_000_1","CHOOSE","","28,312.07","Community Greenlight Poll - CurveLP-stETH-ETH (Curve stETH-ETH LP Token) - October 4, 2021","Abstain",""
"2021-10-06 13:34:15 013365695_187_000_1","CHOOSE","","28,312.07","Offboard the UNIV2AAVEETH-A Vault Type - October 4, 2021","Yes",""
"2021-10-06 13:34:15 013365695_187_000_1","CHOOSE","","28,312.07","Offboard the UNIV2LINKETH-A Vault Type - October 4, 2021","Yes",""
"2021-10-06 13:34:15 013365695_187_000_1","CHOOSE","","28,312.07","Offboard the LRC-A Vault Type - October 4, 2021","Yes",""
"2021-10-06 13:34:15 013365695_187_000_1","CHOOSE","","28,312.07","Offboard the ZRX-A Vault Type - October 4, 2021","Yes",""
"2021-10-06 13:34:15 013365695_187_000_1","CHOOSE","","28,312.07","Offboard the BAT-A Vault Type - October 4, 2021","Yes",""
"2021-10-06 13:34:15 013365695_187_000_0","RETRACT","","28,312.07","Offboard the ZRX-A Vault Type - October 4, 2021","",""
"2021-10-06 13:34:15 013365695_187_000_0","RETRACT","","28,312.07","Community Greenlight Poll - CurveLP-stETH-ETH (Curve stETH-ETH LP Token) - October 4, 2021","",""
"2021-10-06 13:34:15 013365695_187_000_0","RETRACT","","28,312.07","Offboard the UNIV2AAVEETH-A Vault Type - October 4, 2021","",""
"2021-10-06 13:34:15 013365695_187_000_0","RETRACT","","28,312.07","Offboard the UNIV2LINKETH-A Vault Type - October 4, 2021","",""
"2021-10-06 13:34:15 013365695_187_000_0","RETRACT","","28,312.07","Offboard the LRC-A Vault Type - October 4, 2021","",""
"2021-10-06 13:34:15 013365695_187_000_0","RETRACT","","28,312.07","Offboard the BAT-A Vault Type - October 4, 2021","",""
"2021-10-06 13:32:31 013365689_465_000_0","CHOOSE","","28,312.07","Offboard the LRC-A Vault Type - October 4, 2021","Yes",""
"2021-10-06 13:32:31 013365689_465_000_0","CHOOSE","","28,312.07","Offboard the ZRX-A Vault Type - October 4, 2021","Yes",""
"2021-10-06 13:32:31 013365689_465_000_0","CHOOSE","","28,312.07","Offboard the BAT-A Vault Type - October 4, 2021","Yes",""
"2021-10-06 13:32:31 013365689_465_000_0","CHOOSE","","28,312.07","Offboard the UNIV2AAVEETH-A Vault Type - October 4, 2021","Yes",""
"2021-10-06 13:32:31 013365689_465_000_0","CHOOSE","","28,312.07","Community Greenlight Poll - CurveLP-stETH-ETH (Curve stETH-ETH LP Token) - October 4, 2021","Abstain",""
"2021-10-06 13:32:31 013365689_465_000_0","CHOOSE","","28,312.07","Offboard the UNIV2LINKETH-A Vault Type - October 4, 2021","Yes",""
"2021-10-02 12:23:23 013339826_239_000_1","VOTE","","28,312.07","Offboarding USDT Collateral, Core Unit Budget Distributions - October 1, 2021","",""
"2021-10-02 12:23:23 013339826_239_000_0","MOVE VOTE","","28,312.07","Adjusting Auction Parameters and Testing Layer 2 Components - September 24, 2021","",""
"2021-09-27 16:00:00 013308756_000_000","FINAL_CHOICE","","28,312.07","Ratification Poll for Risk Core Unit MKR Compensation (MIP40c3-SP25) -  September 13, 2021","Yes",""
"2021-09-27 16:00:00 013308756_000_000","FINAL_CHOICE","","28,312.07","Ratification Poll for GovAlpha Core Unit Budget Q4 2021 to Q1 2022 (MIP40c3-SP29) - September 13, 2021","Yes",""
"2021-09-27 16:00:00 013308756_000_000","FINAL_CHOICE","","28,312.07","Ratification Poll for Modify Core Unit Budget - Sustainable Ecosystem Scaling (MIP40c3-SP31) - September 13, 2021","Yes",""
"2021-09-27 16:00:00 013308756_000_000","FINAL_CHOICE","","28,312.07","Ratification Poll for Collateral Engineering Services Core Unit, CES-001 - September 13, 2021","Yes",""
"2021-09-27 16:00:00 013308756_000_000","FINAL_CHOICE","","28,312.07","Ratification Poll for StarkNet Engineering Core Unit, SNE-001 - September 13, 2021","Yes",""
"2021-09-27 16:00:00 013308756_000_000","FINAL_CHOICE","","28,312.07","Ratification Poll for Development & UX Core Unit, DUX-001 - September 13, 2021","Yes",""
"2021-09-27 16:00:00 013308756_000_000","FINAL_CHOICE","","28,312.07","Ratification Poll for Strategic Happiness Core Unit, SH-001 - September 13, 2021","Yes",""
"2021-09-27 16:00:00 013308756_000_000","FINAL_CHOICE","","28,312.07","Ratification Poll for RWA Foundations (MIP58) - September 13, 2021","Abstain",""
"2021-09-25 13:25:54 013295233_185_000_1","VOTE","","28,312.07","Adjusting Auction Parameters and Testing Layer 2 Components - September 24, 2021","","YES"
"2021-09-25 13:25:54 013295233_185_000_0","MOVE VOTE","","28,312.07","Collateral Onboarding and Offboarding, PSM DC-IAM changes - September 17, 2021","",""
"2021-09-23 16:00:00 013282937_000_000","FINAL_CHOICE","","28,312.07","Adjusting Auction Parameters for ETH-A, ETH-B, ETH-C, and WBTC-A - September 20, 2021","Yes",""
"2021-09-23 16:00:00 013282937_000_000","FINAL_CHOICE","","28,312.07","Increase the System Surplus Buffer - September 20, 2021","Yes",""
"2021-09-21 18:52:59 013270861_157_000_0","CHOOSE","","28,312.07","Community Greenlight Poll - REIF-DROP (Commercial Real Estate Assets DROP) - September 20, 2021","Abstain",""
"2021-09-21 18:52:59 013270861_157_000_0","CHOOSE","","28,312.07","Community Greenlight Poll - SB-DDC (Solid Block Detox Digital Coins) - September 20, 2021","Abstain",""
"2021-09-21 15:48:43 013270020_261_000_0","CHOOSE","","28,312.07","Increase the System Surplus Buffer - September 20, 2021","Yes",""
"2021-09-21 15:48:43 013270020_261_000_0","CHOOSE","","28,312.07","Adjusting Auction Parameters for ETH-A, ETH-B, ETH-C, and WBTC-A - September 20, 2021","Yes",""
"2021-09-20 16:00:00 013263577_000_000","FINAL_CHOICE","","28,312.07","Community Greenlight Poll - RARE (SuperRare) - September 6, 2021","Yes (Greenlight)",""
"2021-09-20 16:00:00 013263577_000_000","FINAL_CHOICE","","28,312.07","Community Greenlight Poll - RAI (Rai Reflex Index) - September 6, 2021","Yes (Greenlight)",""
"2021-09-18 01:51:50 013246880_093_000_1","VOTE","","28,312.07","Collateral Onboarding and Offboarding, PSM DC-IAM changes - September 17, 2021","",""
"2021-09-18 01:51:50 013246880_093_000_0","MOVE VOTE","","28,312.07","Parameter Changes, September Core Unit Budgets, DssVest Streams - September 3, 2021","",""
"2021-09-16 16:00:00 013237728_000_000","FINAL_CHOICE","","28,312.07","Adopt the Debt Ceiling Instant Access Module (DC-IAM) for PSM-PAX-A - September 13, 2021","Yes",""
"2021-09-16 16:00:00 013237728_000_000","FINAL_CHOICE","","28,312.07","Offboard KNC Legacy Token - September 13, 2021","Yes",""
"2021-09-16 16:00:00 013237728_000_000","FINAL_CHOICE","","28,312.07","Add GUNIV3DAIUSDC1-A as a new Vault Type - September 13, 2021","Yes",""
"2021-09-15 13:50:47 013230678_019_000_0","CHOOSE","","28,312.07","Ratification Poll for StarkNet Engineering Core Unit, SNE-001 - September 13, 2021","Yes",""
"2021-09-13 20:04:21 013219447_278_000_0","CHOOSE","","28,312.07","Ratification Poll for Modify Core Unit Budget - Sustainable Ecosystem Scaling (MIP40c3-SP31) - September 13, 2021","Yes",""
"2021-09-13 20:04:21 013219447_278_000_0","CHOOSE","","28,312.07","Add GUNIV3DAIUSDC1-A as a new Vault Type - September 13, 2021","Yes",""
"2021-09-13 20:04:21 013219447_278_000_0","CHOOSE","","28,312.07","Ratification Poll for RWA Foundations (MIP58) - September 13, 2021","Abstain",""
"2021-09-13 20:04:21 013219447_278_000_0","CHOOSE","","28,312.07","Ratification Poll for StarkNet Engineering Core Unit, SNE-001 - September 13, 2021","Abstain",""
"2021-09-13 20:04:21 013219447_278_000_0","CHOOSE","","28,312.07","Ratification Poll for Development & UX Core Unit, DUX-001 - September 13, 2021","Yes",""
"2021-09-13 20:04:21 013219447_278_000_0","CHOOSE","","28,312.07","Ratification Poll for GovAlpha Core Unit Budget Q4 2021 to Q1 2022 (MIP40c3-SP29) - September 13, 2021","Yes",""
"2021-09-13 20:04:21 013219447_278_000_0","CHOOSE","","28,312.07","Ratification Poll for Collateral Engineering Services Core Unit, CES-001 - September 13, 2021","Yes",""
"2021-09-13 20:04:21 013219447_278_000_0","CHOOSE","","28,312.07","Ratification Poll for Risk Core Unit MKR Compensation (MIP40c3-SP25) -  September 13, 2021","Yes",""
"2021-09-13 20:04:21 013219447_278_000_0","CHOOSE","","28,312.07","Offboard KNC Legacy Token - September 13, 2021","Yes",""
"2021-09-13 20:04:21 013219447_278_000_0","CHOOSE","","28,312.07","Adopt the Debt Ceiling Instant Access Module (DC-IAM) for PSM-PAX-A - September 13, 2021","Yes",""
"2021-09-13 20:04:21 013219447_278_000_0","CHOOSE","","28,312.07","Ratification Poll for Strategic Happiness Core Unit, SH-001 - September 13, 2021","Yes",""
"2021-09-07 20:23:15 013180794_146_000_0","CHOOSE","","28,312.07","Community Greenlight Poll - RAI (Rai Reflex Index) - September 6, 2021","Yes (Greenlight)",""
"2021-09-07 20:23:15 013180794_146_000_0","CHOOSE","","28,312.07","Community Greenlight Poll - RARE (SuperRare) - September 6, 2021","Yes (Greenlight)",""
"2021-09-04 11:01:57 013158792_126_000_1","VOTE","","28,312.07","Parameter Changes, September Core Unit Budgets, DssVest Streams - September 3, 2021","",""
"2021-09-04 11:01:57 013158792_126_000_0","MOVE VOTE","","28,312.07","Vault Onboarding, 6s Updates, and Reducing Vault Liquidation Ratios - August 20, 2021","",""
"2021-09-02 16:00:00 013147236_000_000","FINAL_CHOICE","","28,312.07","Lower the Flash Mint Fee (toll) to 0% - August 30, 2021","Yes",""
"2021-09-02 16:00:00 013147236_000_000","FINAL_CHOICE","","28,312.07","Add RWA007 (SolarX) as a new RWA Vault Type - August 30, 2021","Yes",""
"2021-08-30 16:08:22 013127876_019_000_0","CHOOSE","","28,312.07","Add RWA007 (SolarX) as a new RWA Vault Type - August 30, 2021","Yes",""
"2021-08-30 16:08:22 013127876_019_000_0","CHOOSE","","28,312.07","Lower the Flash Mint Fee (toll) to 0% - August 30, 2021","Yes",""
"2021-08-30 16:00:00 013127846_000_000","FINAL_CHOICE","","28,312.07","Community Greenlight Poll - CNC1-DROP (CapitalNow Cannabis DROP) - August 16, 2021","Yes (Greenlight)",""
"2021-08-30 16:00:00 013127846_000_000","FINAL_CHOICE","","28,312.07","Community Greenlight Poll - NCP01-DROP (Nebula Capital Partners DROP) - August 16, 2021","Yes (Greenlight)",""
"2021-08-30 16:00:00 013127846_000_000","FINAL_CHOICE","","28,312.07","Community Greenlight Poll - CGFF-DROP (Cauris Global Fintech Fund DROP) - August 16, 2021","Yes (Greenlight)",""
"2021-08-28 16:09:06 013114886_141_000_000_001_1","UP-VOTE","","28,312.07","Vault Onboarding, 6s Updates, and Reducing Vault Liquidation Ratios - August 20, 2021","",""
"2021-08-28 16:09:06 013114886_141_000_000_001_0","STAKE","183.73","28,312.07","","",""
"2021-08-25 16:09:59 013095472_055_000_2","VOTE","","28,128.35","Vault Onboarding, 6s Updates, and Reducing Vault Liquidation Ratios - August 20, 2021","","YES"
"2021-08-25 16:09:59 013095472_055_000_1","MOVE VOTE","","28,128.35","MOMC Proposal, August Core Unit Budgets, Housekeeping - August 6, 2021","",""
"2021-08-25 16:09:59 013095472_055_000_0","MOVE VOTE","","28,128.35","Vault Onboarding, 6s Updates, and Reducing Vault Liquidation Ratios - August 20, 2021","",""
"2021-08-25 11:08:17 013094212_041_000_000_001_2","UP-VOTE","","28,128.35","MOMC Proposal, August Core Unit Budgets, Housekeeping - August 6, 2021","",""
"2021-08-25 11:08:17 013094212_041_000_000_001_1","UP-VOTE","","28,128.35","Vault Onboarding, 6s Updates, and Reducing Vault Liquidation Ratios - August 20, 2021","",""
"2021-08-25 11:08:17 013094212_041_000_000_001_0","STAKE","28,000.00","28,128.35","","",""
"2021-08-23 16:00:00 013082501_000_000","FINAL_CHOICE","","128.35","Ratification Poll for Declaration of Intent - Onboarding a new collateral type backed by B.Protocol v2 (MIP13c3-SP11) - August 9, 2021","Abstain",""
"2021-08-23 16:00:00 013082501_000_000","FINAL_CHOICE","","128.35","Ratification Poll for DAI Foundation Core Unit, DAIF-001 - August 9, 2021","Yes",""
"2021-08-23 16:00:00 013082501_000_000","FINAL_CHOICE","","128.35","Ratification Poll for Growth Core Unit MKR Budget, GRO-001 (MIP40c3-SP23) - August 9, 2021","Yes",""
"2021-08-22 21:43:51 013077637_006_000_2","VOTE","","128.35","MOMC Proposal, August Core Unit Budgets, Housekeeping - August 6, 2021","",""
"2021-08-22 21:43:51 013077637_006_000_1","VOTE","","128.35","Vault Onboarding, 6s Updates, and Reducing Vault Liquidation Ratios - August 20, 2021","",""
"2021-08-22 21:43:51 013077637_006_000_0","MOVE VOTE","","128.35","MOMC Proposal, August Core Unit Budgets, Housekeeping - August 6, 2021","",""
"2021-08-21 13:39:46 013068948_026_001_1","UP-VOTE","","128.35","MOMC Proposal, August Core Unit Budgets, Housekeeping - August 6, 2021","",""
"2021-08-21 13:39:46 013068948_026_001_0","STAKE","5.54","128.35","","",""
"2021-08-19 17:32:18 013057085_342_001_1","UP-VOTE","","122.81","MOMC Proposal, August Core Unit Budgets, Housekeeping - August 6, 2021","",""
"2021-08-19 17:32:18 013057085_342_001_0","STAKE","2.10","122.81","","",""
"2021-08-19 16:00:00 013056663_000_000","FINAL_CHOICE","","120.71","Onboarding PAX Peg Stability Module - August 16, 2021","Yes",""
"2021-08-19 16:00:00 013056663_000_000","FINAL_CHOICE","","120.71","Reduce Vault Liquidation Ratios - August 16, 2021","Yes",""
"2021-08-18 17:53:05 013050663_236_001_1","UP-VOTE","","120.71","MOMC Proposal, August Core Unit Budgets, Housekeeping - August 6, 2021","",""
"2021-08-18 17:53:05 013050663_236_001_0","STAKE","5.00","120.71","","",""
"2021-08-18 17:53:05 013050663_235_001_1","UP-VOTE","","120.71","MOMC Proposal, August Core Unit Budgets, Housekeeping - August 6, 2021","",""
"2021-08-18 17:53:05 013050663_235_001_0","STAKE","5.00","115.71","","",""
"2021-08-16 21:03:06 013038582_168_000_0","CHOOSE","","110.71","Community Greenlight Poll - CGFF-DROP (Cauris Global Fintech Fund DROP) - August 16, 2021","Yes (Greenlight)",""
"2021-08-16 21:03:06 013038582_168_000_0","CHOOSE","","110.71","Community Greenlight Poll - CNC1-DROP (CapitalNow Cannabis DROP) - August 16, 2021","Yes (Greenlight)",""
"2021-08-16 21:03:06 013038582_168_000_0","CHOOSE","","110.71","Community Greenlight Poll - NCP01-DROP (Nebula Capital Partners DROP) - August 16, 2021","Yes (Greenlight)",""
"2021-08-16 21:03:06 013038582_168_000_0","CHOOSE","","110.71","Reduce Vault Liquidation Ratios - August 16, 2021","Yes",""
"2021-08-16 21:03:06 013038582_168_000_0","CHOOSE","","110.71","Onboarding PAX Peg Stability Module - August 16, 2021","Yes",""
"2021-08-16 16:00:00 013037178_000_000","FINAL_CHOICE","","110.71","Community Greenlight Poll - RWA-120dB (120dB Films) - August 02, 2021","Yes (Greenlight)",""
"2021-08-15 18:09:16 013031293_198_001_1","UP-VOTE","","110.71","MOMC Proposal, August Core Unit Budgets, Housekeeping - August 6, 2021","",""
"2021-08-15 18:09:16 013031293_198_001_0","STAKE","5.07","110.71","","",""
"2021-08-14 23:30:24 013026320_086_001_1","UP-VOTE","","105.65","MOMC Proposal, August Core Unit Budgets, Housekeeping - August 6, 2021","",""
"2021-08-14 23:30:24 013026320_086_001_0","STAKE","100.00","105.65","","",""
"2021-08-12 15:28:32 013011163_287_001_1","UP-VOTE","","5.65","MOMC Proposal, August Core Unit Budgets, Housekeeping - August 6, 2021","",""
"2021-08-12 15:28:32 013011163_287_001_0","STAKE","1.00","5.65","","",""
"2021-08-09 16:31:21 012992030_395_000_0","CHOOSE","","4.65","Ratification Poll for Growth Core Unit MKR Budget, GRO-001 (MIP40c3-SP23) - August 9, 2021","Yes",""
"2021-08-09 16:31:21 012992030_395_000_0","CHOOSE","","4.65","Community Greenlight Poll - RWA-120dB (120dB Films) - August 02, 2021","Yes (Greenlight)",""
"2021-08-09 16:31:21 012992030_395_000_0","CHOOSE","","4.65","Ratification Poll for DAI Foundation Core Unit, DAIF-001 - August 9, 2021","Yes",""
"2021-08-09 16:31:21 012992030_395_000_0","CHOOSE","","4.65","Ratification Poll for Declaration of Intent - Onboarding a new collateral type backed by B.Protocol v2 (MIP13c3-SP11) - August 9, 2021","Abstain",""
"2021-08-06 17:42:14 012972824_110_000_0","VOTE","","4.65","MOMC Proposal, August Core Unit Budgets, Housekeeping - August 6, 2021","",""
"2021-08-03 02:11:26 012949618_049_001_0","STAKE","4.25","4.65","","",""
"2021-08-02 22:22:12 012948586_119_001_0","STAKE","0.40","0.40","","",""