"Time","Operation","Transfer(MKR)","Stake(MKR)","Executive/Poll","Options","Deci-sive"
"2021-12-17 10:00:11 013821999_279_001_2","UP-VOTE","","20,340.28","Parameter Changes, Switching MKR Vesting Source - December 10, 2021","",""
"2021-12-17 10:00:11 013821999_279_001_1","UP-VOTE","","20,340.28","Parameter Changes, Delegate Compensation, Vault Onboarding - December 3, 2021","",""
"2021-12-17 10:00:11 013821999_279_001_0","STAKE","56.70","20,340.28","","",""
"2021-12-16 16:00:00 013817138_000_000","FINAL_CHOICE","","20,283.58","Recognised Delegate Compensation Trial Performance Modifier - December 13, 2021","Yes",""
"2021-12-16 16:00:00 013817138_000_000","FINAL_CHOICE","","20,283.58","DAI Direct Deposit Module (D3M) Net Rates Spread - December 13, 2021","Yes",""
"2021-12-16 16:00:00 013817138_000_000","FINAL_CHOICE","","20,283.58","DAI Direct Deposit Module (D3M) Debt Ceiling Targeting - December 13, 2021","30% of Real AAVEv2 DAI Supply25% of Real AAVEv2 DAI Supply",""
"2021-12-14 08:23:58 013802181_169_000_0","CHOOSE","","20,283.58","DAI Direct Deposit Module (D3M) Debt Ceiling Targeting - December 13, 2021","30% of Real AAVEv2 DAI Supply25% of Real AAVEv2 DAI Supply",""
"2021-12-14 08:23:58 013802181_169_000_0","CHOOSE","","20,283.58","Recognised Delegate Compensation Trial Performance Modifier - December 13, 2021","Yes",""
"2021-12-14 08:23:58 013802181_169_000_0","CHOOSE","","20,283.58","DAI Direct Deposit Module (D3M) Net Rates Spread - December 13, 2021","Yes",""
"2021-12-14 08:23:58 013802181_169_000_0","CHOOSE","","20,283.58","Community Greenlight Poll - aUST (Anchor TerraUSD) - December 06, 2021","No (Defer)",""
"2021-12-10 21:33:12 013779859_100_000_3","VOTE","","20,283.58","Parameter Changes, Switching MKR Vesting Source - December 10, 2021","",""
"2021-12-10 21:33:12 013779859_100_000_2","VOTE","","20,283.58","Parameter Changes, Delegate Compensation, Vault Onboarding - December 3, 2021","",""
"2021-12-10 21:33:12 013779859_100_000_1","MOVE VOTE","","20,283.58","Onboarding New Vault Types, Parameter Changes, and Core Unit Budget Distributions - November 26, 2021","",""
"2021-12-10 21:33:12 013779859_100_000_0","MOVE VOTE","","20,283.58","Parameter Changes, Delegate Compensation, Vault Onboarding - December 3, 2021","",""
"2021-12-09 16:00:00 013771945_000_000","FINAL_CHOICE","","20,283.58","Adjust MATIC-A System Parameters - December 06, 2021","Yes",""
"2021-12-09 16:00:00 013771945_000_000","FINAL_CHOICE","","20,283.58","Adjust wstETH-A System Parameters - December 06, 2021","Yes",""
"2021-12-06 23:34:18 013755187_145_000_3","VOTE","","20,283.58","Onboarding New Vault Types, Parameter Changes, and Core Unit Budget Distributions - November 26, 2021","",""
"2021-12-06 23:34:18 013755187_145_000_2","VOTE","","20,283.58","Parameter Changes, Delegate Compensation, Vault Onboarding - December 3, 2021","",""
"2021-12-06 23:34:18 013755187_145_000_1","MOVE VOTE","","20,283.58","Onboarding New Vault Types, Parameter Changes, and Core Unit Budget Distributions - November 26, 2021","",""
"2021-12-06 23:34:18 013755187_145_000_0","MOVE VOTE","","20,283.58","Template - [Executive Proposal] Onboarding WBTC-B, Increasing WBTC-A Stability Fee, Change of Covenants for P1-DROP, Offboarding Collaterals - November 19, 2021.","",""
"2021-12-06 19:07:58 013754033_169_000_0","CHOOSE","","20,283.58","Adjust wstETH-A System Parameters - December 06, 2021","Yes",""
"2021-12-06 19:07:58 013754033_169_000_0","CHOOSE","","20,283.58","Community Greenlight Poll - G-UNIv3-DAIUSDP (Gelato UniswapV3 DAI-USDP LP Token) - December 06, 2021","Yes (Greenlight)",""
"2021-12-06 19:07:58 013754033_169_000_0","CHOOSE","","20,283.58","Adjust MATIC-A System Parameters - December 06, 2021","Yes",""
"2021-12-02 16:00:00 013728245_000_000","FINAL_CHOICE","","20,283.58","Increase the Dust Parameter for ETH-B Vault Type - November 29, 2021","Yes",""
"2021-12-02 16:00:00 013728245_000_000","FINAL_CHOICE","","20,283.58","Add GUNIV3DAIUSDC2-A as a new Vault Type - November 29, 2021","Yes",""
"2021-12-02 16:00:00 013728245_000_000","FINAL_CHOICE","","20,283.58","Add CurveLP-stETH-ETH as a new Vault Type - November 29, 2021","Yes",""
"2021-12-02 16:00:00 013728245_000_000","FINAL_CHOICE","","20,283.58","Parameter Changes Proposal - MakerDAO Open Market Committee - November 29, 2021","Yes",""
"2021-12-02 16:00:00 013728245_000_000","FINAL_CHOICE","","20,283.58","One Time Payment to the GovComms CU to Deal with Budget Issues - November 29, 2021","Yes",""
"2021-12-02 16:00:00 013728245_000_000","FINAL_CHOICE","","20,283.58","Use the MakerDAO Treasury to Fund MKR Expenses - November 29, 2021","Yes",""
"2021-12-02 16:00:00 013728245_000_000","FINAL_CHOICE","","20,283.58","Increase the Dust Parameter for Most Vault Types - November 29, 2021","Yes",""
"2021-11-30 00:42:23 013711786_406_000_0","CHOOSE","","20,283.58","Increase the Dust Parameter for ETH-B Vault Type - November 29, 2021","Yes",""
"2021-11-30 00:42:23 013711786_406_000_0","CHOOSE","","20,283.58","Increase the Dust Parameter for Most Vault Types - November 29, 2021","Yes",""
"2021-11-30 00:42:23 013711786_406_000_0","CHOOSE","","20,283.58","One Time Payment to the GovComms CU to Deal with Budget Issues - November 29, 2021","Yes",""
"2021-11-30 00:42:23 013711786_406_000_0","CHOOSE","","20,283.58","Add GUNIV3DAIUSDC2-A as a new Vault Type - November 29, 2021","Yes",""
"2021-11-30 00:42:23 013711786_406_000_0","CHOOSE","","20,283.58","Use the MakerDAO Treasury to Fund MKR Expenses - November 29, 2021","Yes",""
"2021-11-30 00:42:23 013711786_406_000_0","CHOOSE","","20,283.58","Parameter Changes Proposal - MakerDAO Open Market Committee - November 29, 2021","Yes",""
"2021-11-30 00:42:23 013711786_406_000_0","CHOOSE","","20,283.58","Add CurveLP-stETH-ETH as a new Vault Type - November 29, 2021","Yes",""
"2021-11-29 16:00:00 013709502_000_000","FINAL_CHOICE","","20,283.58","Community Greenlight Poll - MONETALIS (Monetalis Wholesale SME Green Growth Lending) - November 15, 2021","Yes (Greenlight)",""
"2021-11-29 16:00:00 013709502_000_000","FINAL_CHOICE","","20,283.58","Community Greenlight Poll - SB-frOGI (SolidBlock Red Frog Digital Coin) - November 15, 2021","Abstain",""
"2021-11-26 16:45:15 013690909_330_000_3","VOTE","","20,283.58","Onboarding New Vault Types, Parameter Changes, and Core Unit Budget Distributions - November 26, 2021","",""
"2021-11-26 16:45:15 013690909_330_000_2","VOTE","","20,283.58","Template - [Executive Proposal] Onboarding WBTC-B, Increasing WBTC-A Stability Fee, Change of Covenants for P1-DROP, Offboarding Collaterals - November 19, 2021.","",""
"2021-11-26 16:45:15 013690909_330_000_1","MOVE VOTE","","20,283.58","Template - [Executive Proposal] Onboarding WBTC-B, Increasing WBTC-A Stability Fee, Change of Covenants for P1-DROP, Offboarding Collaterals - November 19, 2021.","",""
"2021-11-26 16:45:15 013690909_330_000_0","MOVE VOTE","","20,283.58","Parameter Changes, Return Unused Budget to the Surplus Buffer - November 12, 2021","",""
"2021-11-25 16:00:00 013684401_000_000","FINAL_CHOICE","","20,283.58","Add a GUSD Peg Stability Module - November 22, 2021","Yes",""
"2021-11-25 16:00:00 013684401_000_000","FINAL_CHOICE","","20,283.58","Add WBTC-C as a new Vault Type - November 22, 2021","Yes",""
"2021-11-25 16:00:00 013684401_000_000","FINAL_CHOICE","","20,283.58","Increase the Aave D3M Maximum Debt Ceiling - November 22, 2021","Yes",""
"2021-11-25 16:00:00 013684401_000_000","FINAL_CHOICE","","20,283.58","Increase the System Surplus Buffer - November 22, 2021","Increase to 90 million by 1 million per weekIncrease to 130 million by 1 million per weekIncrease to 90 million by 0.67 million per weekIncrease to 130 million by 0.67 million per week",""
"2021-11-22 18:38:07 013666111_157_000_0","CHOOSE","","20,283.58","Community Greenlight Poll - SB-frOGI (SolidBlock Red Frog Digital Coin) - November 15, 2021","Abstain",""
"2021-11-22 18:38:07 013666111_157_000_0","CHOOSE","","20,283.58","Add WBTC-C as a new Vault Type - November 22, 2021","Yes",""
"2021-11-22 18:38:07 013666111_157_000_0","CHOOSE","","20,283.58","Increase the System Surplus Buffer - November 22, 2021","Increase to 90 million by 1 million per weekIncrease to 130 million by 1 million per weekIncrease to 90 million by 0.67 million per weekIncrease to 130 million by 0.67 million per week",""
"2021-11-22 18:38:07 013666111_157_000_0","CHOOSE","","20,283.58","Add a GUSD Peg Stability Module - November 22, 2021","Yes",""
"2021-11-22 18:38:07 013666111_157_000_0","CHOOSE","","20,283.58","Community Greenlight Poll - MONETALIS (Monetalis Wholesale SME Green Growth Lending) - November 15, 2021","Yes (Greenlight)",""
"2021-11-22 18:38:07 013666111_157_000_0","CHOOSE","","20,283.58","Increase the Aave D3M Maximum Debt Ceiling - November 22, 2021","Yes",""
"2021-11-22 16:00:00 013665411_000_000","FINAL_CHOICE","","20,283.58","Ratification Poll for Adding Sidestream Auction Services Core Unit, SAS-001 - November 8, 2021","Yes",""
"2021-11-22 16:00:00 013665411_000_000","FINAL_CHOICE","","20,283.58","Ratification Poll for Modify Core Unit Budget, MKT-001 (MIP40c3-SP33) - November 8, 2021","Yes",""
"2021-11-22 16:00:00 013665411_000_000","FINAL_CHOICE","","20,283.58","Ratification Poll for Real-World Finance Core Unit MKR Compensation, RWF-001 (MIP40c3-SP38) - November 8, 2021","Yes",""
"2021-11-22 16:00:00 013665411_000_000","FINAL_CHOICE","","20,283.58","Ratification Poll for Supplement to Collateral Onboarding Application (MIP6c3-SP1) - November 8, 2021","Yes",""
"2021-11-22 16:00:00 013665411_000_000","FINAL_CHOICE","","20,283.58","Ratification Poll for Modify Core Unit Budget, COM-001 (MIP40c3-SP40) - November 8, 2021","Yes",""
"2021-11-22 16:00:00 013665411_000_000","FINAL_CHOICE","","20,283.58","Ratification Poll for Modify Core Unit Budget, RWF-001 (MIP40c3-SP39) - November 8, 2021","Yes",""
"2021-11-22 16:00:00 013665411_000_000","FINAL_CHOICE","","20,283.58","Ratification Poll for the Immunefi Security Core Unit (IS-001) - November 8, 2021","Yes",""
"2021-11-22 16:00:00 013665411_000_000","FINAL_CHOICE","","20,283.58","Ratification Poll for Adding the Deco Fixed Rate Core Unit (DECO-001) - November 8, 2021","Yes",""
"2021-11-22 10:13:25 013663896_031_001_2","UP-VOTE","","20,283.58","Template - [Executive Proposal] Onboarding WBTC-B, Increasing WBTC-A Stability Fee, Change of Covenants for P1-DROP, Offboarding Collaterals - November 19, 2021.","",""
"2021-11-22 10:13:25 013663896_031_001_1","UP-VOTE","","20,283.58","Parameter Changes, Return Unused Budget to the Surplus Buffer - November 12, 2021","",""
"2021-11-22 10:13:25 013663896_031_001_0","STAKE","76.65","20,283.58","","",""
"2021-11-20 15:09:46 013652607_004_001_2","UP-VOTE","","20,206.93","Template - [Executive Proposal] Onboarding WBTC-B, Increasing WBTC-A Stability Fee, Change of Covenants for P1-DROP, Offboarding Collaterals - November 19, 2021.","",""
"2021-11-20 15:09:46 013652607_004_001_1","UP-VOTE","","20,206.93","Parameter Changes, Return Unused Budget to the Surplus Buffer - November 12, 2021","","YES"
"2021-11-20 15:09:46 013652607_004_001_0","STAKE","3.31","20,206.93","","",""
"2021-11-19 21:32:56 013647936_215_000_3","VOTE","","20,203.62","Template - [Executive Proposal] Onboarding WBTC-B, Increasing WBTC-A Stability Fee, Change of Covenants for P1-DROP, Offboarding Collaterals - November 19, 2021.","",""
"2021-11-19 21:32:56 013647936_215_000_2","VOTE","","20,203.62","Parameter Changes, Return Unused Budget to the Surplus Buffer - November 12, 2021","",""
"2021-11-19 21:32:56 013647936_215_000_1","MOVE VOTE","","20,203.62","Parameter Changes, Return Unused Budget to the Surplus Buffer - November 12, 2021","",""
"2021-11-19 21:32:56 013647936_215_000_0","MOVE VOTE","","20,203.62","Parameter Changes, Core Unit Budget Distribution - November 5, 2021","",""
"2021-11-18 16:00:00 013640264_000_000","FINAL_CHOICE","","20,203.62","Offboard the COMP-A Vault Type - November 15, 2021","Yes",""
"2021-11-18 16:00:00 013640264_000_000","FINAL_CHOICE","","20,203.62","Offboard the BAL-A Vault Type - November 15, 2021","Yes",""
"2021-11-18 16:00:00 013640264_000_000","FINAL_CHOICE","","20,203.62","Offboard the AAVE-A Vault Type - November 15, 2021","Yes",""
"2021-11-18 16:00:00 013640264_000_000","FINAL_CHOICE","","20,203.62","Rates Proposal - November 15, 2021","Yes",""
"2021-11-18 16:00:00 013640264_000_000","FINAL_CHOICE","","20,203.62","Local Liquidation Limit Adjustments for ETH-A, ETH-B, ETH-C, WBTC-A and WSTETH-A - November 15, 2021","Yes",""
"2021-11-18 16:00:00 013640264_000_000","FINAL_CHOICE","","20,203.62","Change of Covenants for P1-DROP (Peoples Company Series 1) - November 15, 2021","Yes",""
"2021-11-17 18:10:43 013634500_049_000_0","CHOOSE","","20,203.62","Ratification Poll for Real-World Finance Core Unit MKR Compensation, RWF-001 (MIP40c3-SP38) - November 8, 2021","Yes",""
"2021-11-17 18:10:43 013634500_049_000_0","CHOOSE","","20,203.62","Ratification Poll for Adding Sidestream Auction Services Core Unit, SAS-001 - November 8, 2021","Yes",""
"2021-11-17 18:10:43 013634500_049_000_0","CHOOSE","","20,203.62","Ratification Poll for Supplement to Collateral Onboarding Application (MIP6c3-SP1) - November 8, 2021","Yes",""
"2021-11-17 18:10:43 013634500_049_000_0","CHOOSE","","20,203.62","Ratification Poll for Modify Core Unit Budget, RWF-001 (MIP40c3-SP39) - November 8, 2021","Yes",""
"2021-11-17 18:10:43 013634500_049_000_0","CHOOSE","","20,203.62","Ratification Poll for Modify Core Unit Budget, COM-001 (MIP40c3-SP40) - November 8, 2021","Yes",""
"2021-11-17 18:10:43 013634500_049_000_0","CHOOSE","","20,203.62","Ratification Poll for the Immunefi Security Core Unit (IS-001) - November 8, 2021","Yes",""
"2021-11-17 18:10:43 013634500_049_000_0","CHOOSE","","20,203.62","Ratification Poll for Modify Core Unit Budget, MKT-001 (MIP40c3-SP33) - November 8, 2021","Yes",""
"2021-11-17 18:10:43 013634500_049_000_0","CHOOSE","","20,203.62","Ratification Poll for Adding the Deco Fixed Rate Core Unit (DECO-001) - November 8, 2021","Yes",""
"2021-11-16 06:22:59 013624992_160_000_000_001_2","UP-VOTE","","20,203.62","Parameter Changes, Return Unused Budget to the Surplus Buffer - November 12, 2021","",""
"2021-11-16 06:22:59 013624992_160_000_000_001_1","UP-VOTE","","20,203.62","Parameter Changes, Core Unit Budget Distribution - November 5, 2021","",""
"2021-11-16 06:22:59 013624992_160_000_000_001_0","STAKE","103.31","20,203.62","","",""
"2021-11-16 05:07:23 013624674_107_000_0","CHOOSE","","20,100.30","Rates Proposal - November 15, 2021","Yes",""
"2021-11-16 05:07:23 013624674_107_000_0","CHOOSE","","20,100.30","Offboard the COMP-A Vault Type - November 15, 2021","Yes",""
"2021-11-16 05:07:23 013624674_107_000_0","CHOOSE","","20,100.30","Change of Covenants for P1-DROP (Peoples Company Series 1) - November 15, 2021","Yes",""
"2021-11-16 05:07:23 013624674_107_000_0","CHOOSE","","20,100.30","Offboard the AAVE-A Vault Type - November 15, 2021","Yes",""
"2021-11-16 05:07:23 013624674_107_000_0","CHOOSE","","20,100.30","Local Liquidation Limit Adjustments for ETH-A, ETH-B, ETH-C, WBTC-A and WSTETH-A - November 15, 2021","Yes",""
"2021-11-16 05:07:23 013624674_107_000_0","CHOOSE","","20,100.30","Offboard the BAL-A Vault Type - November 15, 2021","Yes",""
"2021-11-15 16:00:00 013621260_000_000","FINAL_CHOICE","","20,100.30","Community Greenlight Poll - MDI (MD Irradiance LLC) - November 1, 2021","Abstain",""
"2021-11-15 16:00:00 013621260_000_000","FINAL_CHOICE","","20,100.30","Community Greenlight Poll - OHM (Olympus DAO) - November 1, 2021","No (Defer)",""
"2021-11-15 03:13:09 013617895_040_001_2","DOWN-VOTE","","20,150.30","Parameter Changes, Return Unused Budget to the Surplus Buffer - November 12, 2021","",""
"2021-11-15 03:13:09 013617895_040_001_1","DOWN-VOTE","","20,150.30","Parameter Changes, Core Unit Budget Distribution - November 5, 2021","",""
"2021-11-15 03:13:09 013617895_040_001_0","WITHDRAW","-50.00","20,100.30","","",""
"2021-11-14 12:38:47 013614041_074_001_2","UP-VOTE","","20,150.30","Parameter Changes, Return Unused Budget to the Surplus Buffer - November 12, 2021","",""
"2021-11-14 12:38:47 013614041_074_001_1","UP-VOTE","","20,150.30","Parameter Changes, Core Unit Budget Distribution - November 5, 2021","","YES"
"2021-11-14 12:38:47 013614041_074_001_0","STAKE","100.03","20,150.30","","",""
"2021-11-13 23:06:05 013610475_050_000_000_001_2","UP-VOTE","","20,050.27","Parameter Changes, Return Unused Budget to the Surplus Buffer - November 12, 2021","",""
"2021-11-13 23:06:05 013610475_050_000_000_001_1","UP-VOTE","","20,050.27","Parameter Changes, Core Unit Budget Distribution - November 5, 2021","",""
"2021-11-13 23:06:05 013610475_050_000_000_001_0","STAKE","20,000.00","20,050.27","","",""
"2021-11-13 00:55:22 013604624_271_000_3","VOTE","","50.27","Parameter Changes, Return Unused Budget to the Surplus Buffer - November 12, 2021","",""
"2021-11-13 00:55:22 013604624_271_000_2","VOTE","","50.27","Parameter Changes, Core Unit Budget Distribution - November 5, 2021","",""
"2021-11-13 00:55:22 013604624_271_000_1","MOVE VOTE","","50.27","Aave D3M Onboarding and Core Unit Budget Transfers - October 29, 2021","",""
"2021-11-13 00:55:22 013604624_271_000_0","MOVE VOTE","","50.27","Parameter Changes, Core Unit Budget Distribution - November 5, 2021","",""
"2021-11-11 16:00:00 013595847_000_000","FINAL_CHOICE","","50.27","Add WBTC-B as a new Vault Type - November 8, 2021","Yes",""
"2021-11-11 16:00:00 013595847_000_000","FINAL_CHOICE","","50.27","GUNIV3DAIUSDC-A Parameter Adjustments - November 8, 2021","Yes",""
"2021-11-11 16:00:00 013595847_000_000","FINAL_CHOICE","","50.27","NS-DROP Covenant Modification - November 8, 2021","Abstain",""
"2021-11-11 16:00:00 013595847_000_000","FINAL_CHOICE","","50.27","Recognised Delegate Compensation Increase - November 8, 2021","Abstain",""
"2021-11-11 16:00:00 013595847_000_000","FINAL_CHOICE","","50.27","Increase the WSTETH-A Debt Ceiling - November 8, 2021","Yes",""
"2021-11-11 16:00:00 013595847_000_000","FINAL_CHOICE","","50.27","DIRECT-AAVEV2-DAI Parameter Adjustments - November 8, 2021","Yes",""
"2021-11-08 22:13:32 013578353_144_000_0","CHOOSE","","50.27","Increase the WSTETH-A Debt Ceiling - November 8, 2021","Yes",""
"2021-11-08 22:13:32 013578353_144_000_0","CHOOSE","","50.27","Add WBTC-B as a new Vault Type - November 8, 2021","Yes",""
"2021-11-08 22:13:32 013578353_144_000_0","CHOOSE","","50.27","DIRECT-AAVEV2-DAI Parameter Adjustments - November 8, 2021","Yes",""
"2021-11-08 22:13:32 013578353_144_000_0","CHOOSE","","50.27","GUNIV3DAIUSDC-A Parameter Adjustments - November 8, 2021","Yes",""
"2021-11-08 22:13:32 013578353_144_000_0","CHOOSE","","50.27","NS-DROP Covenant Modification - November 8, 2021","Abstain",""
"2021-11-08 22:13:32 013578353_144_000_0","CHOOSE","","50.27","Recognised Delegate Compensation Increase - November 8, 2021","Abstain",""
"2021-11-08 22:13:32 013578353_144_000_0","CHOOSE","","50.27","Community Greenlight Poll - OHM (Olympus DAO) - November 1, 2021","No (Defer)",""
"2021-11-08 22:13:32 013578353_144_000_0","CHOOSE","","50.27","Community Greenlight Poll - MDI (MD Irradiance LLC) - November 1, 2021","Abstain",""
"2021-11-05 19:49:17 013558569_071_000_3","VOTE","","50.27","Aave D3M Onboarding and Core Unit Budget Transfers - October 29, 2021","",""
"2021-11-05 19:49:17 013558569_071_000_2","VOTE","","50.27","Parameter Changes, Core Unit Budget Distribution - November 5, 2021","",""
"2021-11-05 19:49:17 013558569_071_000_1","MOVE VOTE","","50.27","Aave D3M Onboarding and Core Unit Budget Transfers - October 29, 2021","",""
"2021-11-05 19:49:17 013558569_071_000_0","MOVE VOTE","","50.27","Parameter Changes, WSTETH-A Onboarding - October 22, 2021","",""
"2021-11-04 16:00:00 013551154_000_000","FINAL_CHOICE","","50.27","Lower PSM Vault Fees - November 1, 2021","Yes",""
"2021-11-04 16:00:00 013551154_000_000","FINAL_CHOICE","","50.27","Parameter Changes Proposal - MakerDAO Open Market Committee - November 1, 2021","Yes",""
"2021-11-04 09:41:46 013549489_245_001_2","UP-VOTE","","50.27","Aave D3M Onboarding and Core Unit Budget Transfers - October 29, 2021","",""
"2021-11-04 09:41:46 013549489_245_001_1","UP-VOTE","","50.27","Parameter Changes, WSTETH-A Onboarding - October 22, 2021","",""
"2021-11-04 09:41:46 013549489_245_001_0","STAKE","17.27","50.27","","",""
"2021-11-03 04:41:10 013541843_296_000_0","CHOOSE","","33.00","Lower PSM Vault Fees - November 1, 2021","Yes",""
"2021-11-03 04:41:10 013541843_296_000_0","CHOOSE","","33.00","Parameter Changes Proposal - MakerDAO Open Market Committee - November 1, 2021","Yes",""
"2021-11-01 16:00:00 013532112_000_000","FINAL_CHOICE","","33.00","Clean Money Sentiment - October 25, 2021","Yes",""
"2021-11-01 16:00:00 013532112_000_000","FINAL_CHOICE","","33.00","Community Greenlight Poll - CSC (Curio Stablecoin) - October 18, 2021","No (Defer)",""
"2021-11-01 16:00:00 013532112_000_000","FINAL_CHOICE","","33.00","Community Greenlight Poll - OFH (Security Tokens Refinancing) - October 18, 2021","Yes (Greenlight)",""
"2021-11-01 16:00:00 013532112_000_000","FINAL_CHOICE","","33.00","Community Greenlight Poll - TM2-DROP (Technology Metals Market) - October 18, 2021","No (Defer)",""
"2021-10-31 10:32:46 013524282_134_000_2","VOTE","","33.00","Aave D3M Onboarding and Core Unit Budget Transfers - October 29, 2021","",""
"2021-10-31 10:32:46 013524282_134_000_1","VOTE","","33.00","Parameter Changes, WSTETH-A Onboarding - October 22, 2021","",""
"2021-10-31 10:32:46 013524282_134_000_0","MOVE VOTE","","33.00","Parameter Changes, WSTETH-A Onboarding - October 22, 2021","",""
"2021-10-28 16:00:00 013506680_000_000","FINAL_CHOICE","","33.00","Recognised Delegate Compensation Trial - October 25, 2021","Abstain",""
"2021-10-28 16:00:00 013506680_000_000","FINAL_CHOICE","","33.00","Raise the ESM threshold and Increase the Governance Delay - October 25, 2021","Yes",""
"2021-10-28 10:19:54 013505143_174_000_0","CHOOSE","","33.00","Recognised Delegate Compensation Trial - October 25, 2021","Abstain",""
"2021-10-28 10:19:54 013505143_174_000_0","CHOOSE","","33.00","Clean Money Sentiment - October 25, 2021","Yes",""
"2021-10-28 10:19:54 013505143_174_000_0","CHOOSE","","33.00","Raise the ESM threshold and Increase the Governance Delay - October 25, 2021","Yes",""
"2021-10-25 16:00:00 013487534_000_000","FINAL_CHOICE","","33.00","Ratification Poll for Adding the Deco Fixed Rate Core Unit (DECO-001) - October 11, 2021","No",""
"2021-10-25 16:00:00 013487534_000_000","FINAL_CHOICE","","33.00","Ratification Poll for Adding Data Insights Core Unit (DIN-001) - October 11, 2021","Yes",""
"2021-10-25 16:00:00 013487534_000_000","FINAL_CHOICE","","33.00","Ratification Poll for Adding MakerLabs Core Unit (SNUNK-001) - October 11, 2021","Yes",""
"2021-10-25 16:00:00 013487534_000_000","FINAL_CHOICE","","33.00","Ratification Poll for Implementation of DSS Charter (MIP59) - October 11, 2021","Yes",""
"2021-10-25 16:00:00 013487534_000_000","FINAL_CHOICE","","33.00","Ratification Poll for Modify Core Unit Budget, MKT-001 (MIP40c3-SP33) - October 11, 2021","Yes",""
"2021-10-25 16:00:00 013487534_000_000","FINAL_CHOICE","","33.00","Ratification Poll for Growth Core Unit Budget, GRO-001 (MIP40c3-SP37) - October 11, 2021","Yes",""
"2021-10-23 05:43:50 013472010_151_000_2","VOTE","","33.00","Parameter Changes, WSTETH-A Onboarding - October 22, 2021","",""
"2021-10-23 05:43:50 013472010_151_000_1","MOVE VOTE","","33.00","Offboarding USDT Collateral, Core Unit Budget Distributions - October 1, 2021","",""
"2021-10-23 05:43:50 013472010_151_000_0","MOVE VOTE","","33.00","Offboarding Vaults, MKR Vesting, and Core Unit Budget Distribution - October 8, 2021","",""
"2021-10-21 16:00:00 013461957_000_000","FINAL_CHOICE","","33.00","Parameter Changes Proposal - MakerDAO Open Market Committee - October 18, 2021","Yes",""
"2021-10-20 09:22:32 013453798_216_000_1","CHOOSE","","33.00","Community Greenlight Poll - CSC (Curio Stablecoin) - October 18, 2021","No (Defer)",""
"2021-10-20 09:22:32 013453798_216_000_1","CHOOSE","","33.00","Community Greenlight Poll - OFH (Security Tokens Refinancing) - October 18, 2021","Yes (Greenlight)",""
"2021-10-20 09:22:32 013453798_216_000_1","CHOOSE","","33.00","Community Greenlight Poll - TM2-DROP (Technology Metals Market) - October 18, 2021","No (Defer)",""
"2021-10-20 09:22:32 013453798_216_000_0","RETRACT","","33.00","Community Greenlight Poll - TM2-DROP (Technology Metals Market) - October 18, 2021","",""
"2021-10-20 09:22:32 013453798_216_000_0","RETRACT","","33.00","Community Greenlight Poll - CSC (Curio Stablecoin) - October 18, 2021","",""
"2021-10-20 09:22:32 013453798_216_000_0","RETRACT","","33.00","Community Greenlight Poll - OFH (Security Tokens Refinancing) - October 18, 2021","",""
"2021-10-18 23:39:55 013444762_332_000_0","CHOOSE","","33.00","Community Greenlight Poll - OFH (Security Tokens Refinancing) - October 18, 2021","No (Defer)",""
"2021-10-18 23:39:55 013444762_332_000_0","CHOOSE","","33.00","Community Greenlight Poll - TM2-DROP (Technology Metals Market) - October 18, 2021","Yes (Greenlight)",""
"2021-10-18 23:39:55 013444762_332_000_0","CHOOSE","","33.00","Community Greenlight Poll - CSC (Curio Stablecoin) - October 18, 2021","No (Defer)",""
"2021-10-18 23:39:55 013444762_332_000_0","CHOOSE","","33.00","Parameter Changes Proposal - MakerDAO Open Market Committee - October 18, 2021","Yes",""
"2021-10-18 16:00:00 013442748_000_000","FINAL_CHOICE","","33.00","Community Greenlight Poll - CurveLP-stETH-ETH (Curve stETH-ETH LP Token) - October 4, 2021","Yes (Greenlight)",""
"2021-10-14 16:00:00 013417283_000_000","FINAL_CHOICE","","33.00","PaperImperium Supplemental Compensation - October 11, 2021","No",""
"2021-10-14 16:00:00 013417283_000_000","FINAL_CHOICE","","33.00","Increase the GUNIV3DAIUSDC1-A Debt Ceiling - October 11, 2021","Yes",""
"2021-10-14 16:00:00 013417283_000_000","FINAL_CHOICE","","33.00","Add the Aave Direct Deposit DAI Module (D3M) - October 11, 2021","Yes",""
"2021-10-14 16:00:00 013417283_000_000","FINAL_CHOICE","","33.00","Nexo Institutional Vault Onboarding - October 11, 2021","Yes",""
"2021-10-14 16:00:00 013417283_000_000","FINAL_CHOICE","","33.00","Add stETH (Lido Staked ETH) as a new Vault Type - October 11, 2021","Yes",""
"2021-10-12 10:41:45 013403145_038_000_1","CHOOSE","","33.00","Community Greenlight Poll - CurveLP-stETH-ETH (Curve stETH-ETH LP Token) - October 4, 2021","Yes (Greenlight)",""
"2021-10-12 10:41:45 013403145_038_000_0","CHOOSE","","33.00","Ratification Poll for Growth Core Unit Budget, GRO-001 (MIP40c3-SP37) - October 11, 2021","Yes",""
"2021-10-12 10:41:45 013403145_038_000_0","CHOOSE","","33.00","Ratification Poll for Implementation of DSS Charter (MIP59) - October 11, 2021","Yes",""
"2021-10-12 10:41:45 013403145_038_000_0","CHOOSE","","33.00","Ratification Poll for Adding MakerLabs Core Unit (SNUNK-001) - October 11, 2021","Yes",""
"2021-10-12 10:41:45 013403145_038_000_0","CHOOSE","","33.00","Ratification Poll for Modify Core Unit Budget, MKT-001 (MIP40c3-SP33) - October 11, 2021","Yes",""
"2021-10-12 10:41:45 013403145_038_000_0","CHOOSE","","33.00","Ratification Poll for Adding Data Insights Core Unit (DIN-001) - October 11, 2021","Yes",""
"2021-10-12 10:41:45 013403145_038_000_0","CHOOSE","","33.00","Ratification Poll for Adding the Deco Fixed Rate Core Unit (DECO-001) - October 11, 2021","No",""
"2021-10-12 10:41:45 013403145_038_000_0","CHOOSE","","33.00","Nexo Institutional Vault Onboarding - October 11, 2021","Yes",""
"2021-10-12 10:41:45 013403145_038_000_0","CHOOSE","","33.00","Add stETH (Lido Staked ETH) as a new Vault Type - October 11, 2021","Yes",""
"2021-10-12 10:41:45 013403145_038_000_0","CHOOSE","","33.00","Increase the GUNIV3DAIUSDC1-A Debt Ceiling - October 11, 2021","Yes",""
"2021-10-12 10:41:45 013403145_038_000_0","CHOOSE","","33.00","Add the Aave Direct Deposit DAI Module (D3M) - October 11, 2021","Yes",""
"2021-10-12 10:41:45 013403145_038_000_0","CHOOSE","","33.00","PaperImperium Supplemental Compensation - October 11, 2021","No",""
"2021-10-12 10:41:45 013403145_038_000_0","RETRACT","","33.00","Community Greenlight Poll - CurveLP-stETH-ETH (Curve stETH-ETH LP Token) - October 4, 2021","",""
"2021-10-09 08:22:43 013383445_093_000_2","VOTE","","33.00","Offboarding USDT Collateral, Core Unit Budget Distributions - October 1, 2021","",""
"2021-10-09 08:22:43 013383445_093_000_1","VOTE","","33.00","Offboarding Vaults, MKR Vesting, and Core Unit Budget Distribution - October 8, 2021","",""
"2021-10-09 08:22:43 013383445_093_000_0","MOVE VOTE","","33.00","Offboarding USDT Collateral, Core Unit Budget Distributions - October 1, 2021","",""
"2021-10-07 16:00:00 013372748_000_000","FINAL_CHOICE","","33.00","Offboard the BAT-A Vault Type - October 4, 2021","Yes",""
"2021-10-07 16:00:00 013372748_000_000","FINAL_CHOICE","","33.00","Offboard the ZRX-A Vault Type - October 4, 2021","Yes",""
"2021-10-07 16:00:00 013372748_000_000","FINAL_CHOICE","","33.00","Offboard the UNIV2LINKETH-A Vault Type - October 4, 2021","Yes",""
"2021-10-07 16:00:00 013372748_000_000","FINAL_CHOICE","","33.00","Offboard the LRC-A Vault Type - October 4, 2021","Yes",""
"2021-10-07 16:00:00 013372748_000_000","FINAL_CHOICE","","33.00","Offboard the UNIV2AAVEETH-A Vault Type - October 4, 2021","Yes",""
"2021-10-07 10:46:31 013371344_159_000_0","CHOOSE","","33.00","Community Greenlight Poll - CurveLP-stETH-ETH (Curve stETH-ETH LP Token) - October 4, 2021","Yes (Greenlight)",""
"2021-10-07 10:46:31 013371344_159_000_0","CHOOSE","","33.00","Offboard the BAT-A Vault Type - October 4, 2021","Yes",""
"2021-10-07 10:46:31 013371344_159_000_0","CHOOSE","","33.00","Offboard the ZRX-A Vault Type - October 4, 2021","Yes",""
"2021-10-07 10:46:31 013371344_159_000_0","CHOOSE","","33.00","Offboard the LRC-A Vault Type - October 4, 2021","Yes",""
"2021-10-07 10:46:31 013371344_159_000_0","CHOOSE","","33.00","Offboard the UNIV2LINKETH-A Vault Type - October 4, 2021","Yes",""
"2021-10-07 10:46:31 013371344_159_000_0","CHOOSE","","33.00","Offboard the UNIV2AAVEETH-A Vault Type - October 4, 2021","Yes",""
"2021-10-02 20:36:19 013342050_302_000_1","VOTE","","33.00","Offboarding USDT Collateral, Core Unit Budget Distributions - October 1, 2021","",""
"2021-10-02 20:36:19 013342050_302_000_0","MOVE VOTE","","33.00","Collateral Onboarding and Offboarding, PSM DC-IAM changes - September 17, 2021","",""
"2021-09-30 16:00:00 013327994_000_000","FINAL_CHOICE","","33.00","Offboard USDT Collateral Types - September 27, 2021","Yes",""
"2021-09-29 00:55:34 013317612_069_000_0","CHOOSE","","33.00","Offboard USDT Collateral Types - September 27, 2021","Yes",""
"2021-09-29 00:55:34 013317612_069_000_0","CHOOSE","","33.00","Community Greenlight Poll - REIF-DROP (Commercial Real Estate Assets DROP) - September 20, 2021","Abstain",""
"2021-09-29 00:55:34 013317612_069_000_0","CHOOSE","","33.00","Community Greenlight Poll - SB-DDC (Solid Block Detox Digital Coins) - September 20, 2021","Abstain",""
"2021-09-27 16:00:00 013308756_000_000","FINAL_CHOICE","","33.00","Ratification Poll for Modify Core Unit Budget - Sustainable Ecosystem Scaling (MIP40c3-SP31) - September 13, 2021","Yes",""
"2021-09-27 16:00:00 013308756_000_000","FINAL_CHOICE","","33.00","Ratification Poll for GovAlpha Core Unit Budget Q4 2021 to Q1 2022 (MIP40c3-SP29) - September 13, 2021","Yes",""
"2021-09-27 16:00:00 013308756_000_000","FINAL_CHOICE","","33.00","Ratification Poll for Risk Core Unit MKR Compensation (MIP40c3-SP25) -  September 13, 2021","Yes",""
"2021-09-27 16:00:00 013308756_000_000","FINAL_CHOICE","","33.00","Ratification Poll for Collateral Engineering Services Core Unit, CES-001 - September 13, 2021","Yes",""
"2021-09-27 16:00:00 013308756_000_000","FINAL_CHOICE","","33.00","Ratification Poll for StarkNet Engineering Core Unit, SNE-001 - September 13, 2021","Yes",""
"2021-09-27 16:00:00 013308756_000_000","FINAL_CHOICE","","33.00","Ratification Poll for Development & UX Core Unit, DUX-001 - September 13, 2021","Yes",""
"2021-09-27 16:00:00 013308756_000_000","FINAL_CHOICE","","33.00","Ratification Poll for Strategic Happiness Core Unit, SH-001 - September 13, 2021","Yes",""
"2021-09-27 16:00:00 013308756_000_000","FINAL_CHOICE","","33.00","Ratification Poll for RWA Foundations (MIP58) - September 13, 2021","Yes",""
"2021-09-23 16:00:00 013282937_000_000","FINAL_CHOICE","","33.00","Adjusting Auction Parameters for ETH-A, ETH-B, ETH-C, and WBTC-A - September 20, 2021","Yes",""
"2021-09-23 16:00:00 013282937_000_000","FINAL_CHOICE","","33.00","Increase the System Surplus Buffer - September 20, 2021","Yes",""
"2021-09-21 05:31:53 013267218_093_000_0","CHOOSE","","33.00","Community Greenlight Poll - REIF-DROP (Commercial Real Estate Assets DROP) - September 20, 2021","Abstain",""
"2021-09-21 05:31:53 013267218_093_000_0","CHOOSE","","33.00","Community Greenlight Poll - SB-DDC (Solid Block Detox Digital Coins) - September 20, 2021","Abstain",""
"2021-09-21 05:31:53 013267218_093_000_0","CHOOSE","","33.00","Increase the System Surplus Buffer - September 20, 2021","Yes",""
"2021-09-21 05:31:53 013267218_093_000_0","CHOOSE","","33.00","Adjusting Auction Parameters for ETH-A, ETH-B, ETH-C, and WBTC-A - September 20, 2021","Yes",""
"2021-09-20 16:00:00 013263577_000_000","FINAL_CHOICE","","33.00","Community Greenlight Poll - RARE (SuperRare) - September 6, 2021","No (Defer)",""
"2021-09-20 16:00:00 013263577_000_000","FINAL_CHOICE","","33.00","Community Greenlight Poll - RAI (Rai Reflex Index) - September 6, 2021","No (Defer)",""
"2021-09-18 05:16:50 013247745_129_000_2","VOTE","","33.00","Collateral Onboarding and Offboarding, PSM DC-IAM changes - September 17, 2021","",""
"2021-09-18 05:16:50 013247745_129_000_1","MOVE VOTE","","33.00","Parameter Changes, September Core Unit Budgets, DssVest Streams - September 3, 2021","",""
"2021-09-18 05:16:50 013247745_129_000_0","MOVE VOTE","","33.00","Vault Onboarding, 6s Updates, and Reducing Vault Liquidation Ratios - August 20, 2021","",""
"2021-09-16 16:00:00 013237728_000_000","FINAL_CHOICE","","33.00","Adopt the Debt Ceiling Instant Access Module (DC-IAM) for PSM-PAX-A - September 13, 2021","Yes",""
"2021-09-16 16:00:00 013237728_000_000","FINAL_CHOICE","","33.00","Offboard KNC Legacy Token - September 13, 2021","Yes",""
"2021-09-16 16:00:00 013237728_000_000","FINAL_CHOICE","","33.00","Add GUNIV3DAIUSDC1-A as a new Vault Type - September 13, 2021","Yes",""
"2021-09-14 18:14:42 013225378_075_000_0","CHOOSE","","33.00","Ratification Poll for GovAlpha Core Unit Budget Q4 2021 to Q1 2022 (MIP40c3-SP29) - September 13, 2021","Yes",""
"2021-09-14 18:14:42 013225378_075_000_0","CHOOSE","","33.00","Offboard KNC Legacy Token - September 13, 2021","Yes",""
"2021-09-14 18:14:42 013225378_075_000_0","CHOOSE","","33.00","Ratification Poll for Modify Core Unit Budget - Sustainable Ecosystem Scaling (MIP40c3-SP31) - September 13, 2021","Yes",""
"2021-09-14 18:14:42 013225378_075_000_0","CHOOSE","","33.00","Ratification Poll for Collateral Engineering Services Core Unit, CES-001 - September 13, 2021","Yes",""
"2021-09-14 18:14:42 013225378_075_000_0","CHOOSE","","33.00","Ratification Poll for Risk Core Unit MKR Compensation (MIP40c3-SP25) -  September 13, 2021","Yes",""
"2021-09-14 18:14:42 013225378_075_000_0","CHOOSE","","33.00","Add GUNIV3DAIUSDC1-A as a new Vault Type - September 13, 2021","Yes",""
"2021-09-14 18:14:42 013225378_075_000_0","CHOOSE","","33.00","Adopt the Debt Ceiling Instant Access Module (DC-IAM) for PSM-PAX-A - September 13, 2021","Yes",""
"2021-09-14 18:14:42 013225378_075_000_0","CHOOSE","","33.00","Ratification Poll for Development & UX Core Unit, DUX-001 - September 13, 2021","Yes",""
"2021-09-14 18:14:42 013225378_075_000_0","CHOOSE","","33.00","Ratification Poll for StarkNet Engineering Core Unit, SNE-001 - September 13, 2021","Yes",""
"2021-09-14 18:14:42 013225378_075_000_0","CHOOSE","","33.00","Ratification Poll for RWA Foundations (MIP58) - September 13, 2021","Yes",""
"2021-09-14 18:14:42 013225378_075_000_0","CHOOSE","","33.00","Community Greenlight Poll - RAI (Rai Reflex Index) - September 6, 2021","No (Defer)",""
"2021-09-14 18:14:42 013225378_075_000_0","CHOOSE","","33.00","Community Greenlight Poll - RARE (SuperRare) - September 6, 2021","No (Defer)",""
"2021-09-14 18:14:42 013225378_075_000_0","CHOOSE","","33.00","Ratification Poll for Strategic Happiness Core Unit, SH-001 - September 13, 2021","Yes",""
"2021-09-03 21:14:17 013155125_238_000_2","VOTE","","33.00","Parameter Changes, September Core Unit Budgets, DssVest Streams - September 3, 2021","",""
"2021-09-03 21:14:17 013155125_238_000_1","VOTE","","33.00","Vault Onboarding, 6s Updates, and Reducing Vault Liquidation Ratios - August 20, 2021","",""
"2021-09-03 21:14:17 013155125_238_000_0","MOVE VOTE","","33.00","Vault Onboarding, 6s Updates, and Reducing Vault Liquidation Ratios - August 20, 2021","",""
"2021-09-02 16:00:00 013147236_000_000","FINAL_CHOICE","","33.00","Lower the Flash Mint Fee (toll) to 0% - August 30, 2021","Yes",""
"2021-09-02 16:00:00 013147236_000_000","FINAL_CHOICE","","33.00","Add RWA007 (SolarX) as a new RWA Vault Type - August 30, 2021","Yes",""
"2021-08-30 18:04:50 013128397_129_000_0","CHOOSE","","33.00","Lower the Flash Mint Fee (toll) to 0% - August 30, 2021","Yes",""
"2021-08-30 18:04:50 013128397_129_000_0","CHOOSE","","33.00","Add RWA007 (SolarX) as a new RWA Vault Type - August 30, 2021","Yes",""
"2021-08-30 16:00:00 013127846_000_000","FINAL_CHOICE","","33.00","Community Greenlight Poll - CNC1-DROP (CapitalNow Cannabis DROP) - August 16, 2021","Yes (Greenlight)",""
"2021-08-30 16:00:00 013127846_000_000","FINAL_CHOICE","","33.00","Community Greenlight Poll - CGFF-DROP (Cauris Global Fintech Fund DROP) - August 16, 2021","Yes (Greenlight)",""
"2021-08-30 16:00:00 013127846_000_000","FINAL_CHOICE","","33.00","Community Greenlight Poll - NCP01-DROP (Nebula Capital Partners DROP) - August 16, 2021","Yes (Greenlight)",""
"2021-08-23 16:00:00 013082501_000_000","FINAL_CHOICE","","33.00","Ratification Poll for Growth Core Unit MKR Budget, GRO-001 (MIP40c3-SP23) - August 9, 2021","Yes",""
"2021-08-23 16:00:00 013082501_000_000","FINAL_CHOICE","","33.00","Ratification Poll for Declaration of Intent - Onboarding a new collateral type backed by B.Protocol v2 (MIP13c3-SP11) - August 9, 2021","Yes",""
"2021-08-23 16:00:00 013082501_000_000","FINAL_CHOICE","","33.00","Ratification Poll for DAI Foundation Core Unit, DAIF-001 - August 9, 2021","No",""
"2021-08-23 08:14:44 013080419_104_000_1","VOTE","","33.00","Vault Onboarding, 6s Updates, and Reducing Vault Liquidation Ratios - August 20, 2021","",""
"2021-08-23 08:14:44 013080419_104_000_0","MOVE VOTE","","33.00","MOMC Proposal, August Core Unit Budgets, Housekeeping - August 6, 2021","",""
"2021-08-22 05:03:14 013073119_041_000_1","VOTE","","33.00","MOMC Proposal, August Core Unit Budgets, Housekeeping - August 6, 2021","",""
"2021-08-22 05:03:14 013073119_041_000_0","MOVE VOTE","","33.00","Vault Onboarding, 6s Updates, and Reducing Vault Liquidation Ratios - August 20, 2021","",""
"2021-08-22 04:50:07 013073061_116_000_1","VOTE","","33.00","Vault Onboarding, 6s Updates, and Reducing Vault Liquidation Ratios - August 20, 2021","",""
"2021-08-22 04:50:07 013073061_116_000_0","MOVE VOTE","","33.00","MOMC Proposal, August Core Unit Budgets, Housekeeping - August 6, 2021","",""
"2021-08-19 16:00:00 013056663_000_000","FINAL_CHOICE","","33.00","Reduce Vault Liquidation Ratios - August 16, 2021","Yes",""
"2021-08-19 16:00:00 013056663_000_000","FINAL_CHOICE","","33.00","Onboarding PAX Peg Stability Module - August 16, 2021","Yes",""
"2021-08-16 18:55:44 013037980_178_000_0","CHOOSE","","33.00","Community Greenlight Poll - NCP01-DROP (Nebula Capital Partners DROP) - August 16, 2021","Yes (Greenlight)",""
"2021-08-16 18:55:44 013037980_178_000_0","CHOOSE","","33.00","Community Greenlight Poll - CGFF-DROP (Cauris Global Fintech Fund DROP) - August 16, 2021","Yes (Greenlight)",""
"2021-08-16 18:55:44 013037980_178_000_0","CHOOSE","","33.00","Community Greenlight Poll - CNC1-DROP (CapitalNow Cannabis DROP) - August 16, 2021","Yes (Greenlight)",""
"2021-08-16 18:55:44 013037980_178_000_0","CHOOSE","","33.00","Reduce Vault Liquidation Ratios - August 16, 2021","Yes",""
"2021-08-16 18:55:44 013037980_178_000_0","CHOOSE","","33.00","Onboarding PAX Peg Stability Module - August 16, 2021","Yes",""
"2021-08-16 16:00:00 013037178_000_000","FINAL_CHOICE","","33.00","Community Greenlight Poll - RWA-120dB (120dB Films) - August 02, 2021","Yes (Greenlight)",""
"2021-08-09 17:38:57 012992345_131_000_1","CHOOSE","","33.00","Community Greenlight Poll - RWA-120dB (120dB Films) - August 02, 2021","Yes (Greenlight)",""
"2021-08-09 17:38:57 012992345_131_000_0","CHOOSE","","33.00","Ratification Poll for DAI Foundation Core Unit, DAIF-001 - August 9, 2021","No",""
"2021-08-09 17:38:57 012992345_131_000_0","CHOOSE","","33.00","Ratification Poll for Declaration of Intent - Onboarding a new collateral type backed by B.Protocol v2 (MIP13c3-SP11) - August 9, 2021","Yes",""
"2021-08-09 17:38:57 012992345_131_000_0","CHOOSE","","33.00","Ratification Poll for Growth Core Unit MKR Budget, GRO-001 (MIP40c3-SP23) - August 9, 2021","Yes",""
"2021-08-09 17:38:57 012992345_131_000_0","RETRACT","","33.00","Community Greenlight Poll - RWA-120dB (120dB Films) - August 02, 2021","",""
"2021-08-06 19:05:18 012973190_170_000_1","VOTE","","33.00","MOMC Proposal, August Core Unit Budgets, Housekeeping - August 6, 2021","",""
"2021-08-06 19:05:18 012973190_170_000_0","MOVE VOTE","","33.00","Centrifuge Asset Onboarding - July 23, 2021","",""
"2021-08-05 16:00:00 012965893_000_000","FINAL_CHOICE","","33.00","Increase the UNIV2DAIUSDC-A Maximum Debt Ceiling - August 2, 2021","Increase Maximum Debt Ceiling to 250 million DAI (+200M)Increase Maximum Debt Ceiling to 150 million DAI (+100M)Increase Maximum Debt Ceiling to 100 million DAI (+50M)Keep Maximum Debt Ceiling set to 50 million DAI (+0)",""
"2021-08-05 16:00:00 012965893_000_000","FINAL_CHOICE","","33.00","Parameter Changes Proposal - MakerDAO Open Market Committee - August 2, 2021","Yes",""
"2021-08-03 08:47:22 012951334_250_000_0","CHOOSE","","33.00","Community Greenlight Poll - RWA-120dB (120dB Films) - August 02, 2021","Yes (Greenlight)",""
"2021-08-03 08:47:22 012951334_250_000_0","CHOOSE","","33.00","Parameter Changes Proposal - MakerDAO Open Market Committee - August 2, 2021","Yes",""
"2021-08-03 08:47:22 012951334_250_000_0","CHOOSE","","33.00","Increase the UNIV2DAIUSDC-A Maximum Debt Ceiling - August 2, 2021","Increase Maximum Debt Ceiling to 250 million DAI (+200M)Increase Maximum Debt Ceiling to 150 million DAI (+100M)Increase Maximum Debt Ceiling to 100 million DAI (+50M)Keep Maximum Debt Ceiling set to 50 million DAI (+0)",""
"2021-08-02 16:00:00 012946869_000_000","FINAL_CHOICE","","33.00","Community Greenlight Poll - U-DROP (Untangled Finance DROP) - July 19, 2021","Yes (Greenlight)",""
"2021-08-02 16:00:00 012946869_000_000","FINAL_CHOICE","","33.00","Community Greenlight Poll - G-UNIv3-DAIUSDC (Gelato UniswapV3 DAI-USDC LP Token) - July 19, 2021","Yes (Greenlight)",""
"2021-07-30 06:57:36 012925512_342_000_0","CHOOSE","","33.00","Community Greenlight Poll - G-UNIv3-DAIUSDC (Gelato UniswapV3 DAI-USDC LP Token) - July 19, 2021","Yes (Greenlight)",""
"2021-07-30 06:57:36 012925512_342_000_0","CHOOSE","","33.00","Community Greenlight Poll - U-DROP (Untangled Finance DROP) - July 19, 2021","Yes (Greenlight)",""
"2021-07-30 06:56:49 012925508_096_001_1","UP-VOTE","","33.00","Centrifuge Asset Onboarding - July 23, 2021","",""
"2021-07-30 06:56:49 012925508_096_001_0","STAKE","32.67","33.00","","",""
"2021-07-28 12:34:07 012914466_025_000_0","VOTE","","0.33","Centrifuge Asset Onboarding - July 23, 2021","",""
"2021-07-28 12:29:41 012914450_146_001_0","STAKE","0.33","0.33","","",""