"Time","Operation","Transfer(MKR)","Stake(MKR)","Executive/Poll","Options","Deci-sive"
"2021-11-18 16:00:00 013640264_000_000","FINAL_CHOICE","","5,976.20","Local Liquidation Limit Adjustments for ETH-A, ETH-B, ETH-C, WBTC-A and WSTETH-A - November 15, 2021","Yes",""
"2021-11-18 16:00:00 013640264_000_000","FINAL_CHOICE","","5,976.20","Rates Proposal - November 15, 2021","Yes",""
"2021-11-18 16:00:00 013640264_000_000","FINAL_CHOICE","","5,976.20","Offboard the AAVE-A Vault Type - November 15, 2021","No",""
"2021-11-18 16:00:00 013640264_000_000","FINAL_CHOICE","","5,976.20","Offboard the BAL-A Vault Type - November 15, 2021","No",""
"2021-11-18 16:00:00 013640264_000_000","FINAL_CHOICE","","5,976.20","Offboard the COMP-A Vault Type - November 15, 2021","No",""
"2021-11-18 16:00:00 013640264_000_000","FINAL_CHOICE","","5,976.20","Change of Covenants for P1-DROP (Peoples Company Series 1) - November 15, 2021","Yes",""
"2021-11-18 13:33:25 013639626_141_000_0","CHOOSE","","5,976.20","Offboard the COMP-A Vault Type - November 15, 2021","No",""
"2021-11-18 13:33:25 013639626_141_000_0","CHOOSE","","5,976.20","Local Liquidation Limit Adjustments for ETH-A, ETH-B, ETH-C, WBTC-A and WSTETH-A - November 15, 2021","Yes",""
"2021-11-18 13:33:25 013639626_141_000_0","CHOOSE","","5,976.20","Offboard the BAL-A Vault Type - November 15, 2021","No",""
"2021-11-18 13:33:25 013639626_141_000_0","CHOOSE","","5,976.20","Offboard the AAVE-A Vault Type - November 15, 2021","No",""
"2021-11-18 13:33:25 013639626_141_000_0","CHOOSE","","5,976.20","Change of Covenants for P1-DROP (Peoples Company Series 1) - November 15, 2021","Yes",""
"2021-11-18 13:33:25 013639626_141_000_0","CHOOSE","","5,976.20","Rates Proposal - November 15, 2021","Yes",""
"2021-11-08 11:12:54 013575412_145_000_1","VOTE","","5,976.20","Parameter Changes, Core Unit Budget Distribution - November 5, 2021","",""
"2021-11-08 11:12:54 013575412_145_000_0","MOVE VOTE","","5,976.20","Parameter Changes, WSTETH-A Onboarding - October 22, 2021","",""
"2021-10-28 18:04:41 013507245_298_000_1","VOTE","","5,976.20","Parameter Changes, WSTETH-A Onboarding - October 22, 2021","",""
"2021-10-28 18:04:41 013507245_298_000_0","MOVE VOTE","","5,976.20","Vault Onboarding, 6s Updates, and Reducing Vault Liquidation Ratios - August 20, 2021","",""
"2021-10-25 16:00:00 013487534_000_000","FINAL_CHOICE","","5,976.20","Ratification Poll for Adding MakerLabs Core Unit (SNUNK-001) - October 11, 2021","Yes",""
"2021-10-25 16:00:00 013487534_000_000","FINAL_CHOICE","","5,976.20","Ratification Poll for Growth Core Unit Budget, GRO-001 (MIP40c3-SP37) - October 11, 2021","Yes",""
"2021-10-25 16:00:00 013487534_000_000","FINAL_CHOICE","","5,976.20","Ratification Poll for Modify Core Unit Budget, MKT-001 (MIP40c3-SP33) - October 11, 2021","Yes",""
"2021-10-25 16:00:00 013487534_000_000","FINAL_CHOICE","","5,976.20","Ratification Poll for Adding Data Insights Core Unit (DIN-001) - October 11, 2021","Yes",""
"2021-10-25 16:00:00 013487534_000_000","FINAL_CHOICE","","5,976.20","Ratification Poll for Adding the Deco Fixed Rate Core Unit (DECO-001) - October 11, 2021","Abstain",""
"2021-10-25 16:00:00 013487534_000_000","FINAL_CHOICE","","5,976.20","Ratification Poll for Implementation of DSS Charter (MIP59) - October 11, 2021","Yes",""
"2021-10-18 16:00:00 013442748_000_000","FINAL_CHOICE","","5,976.20","Community Greenlight Poll - CurveLP-stETH-ETH (Curve stETH-ETH LP Token) - October 4, 2021","Yes (Greenlight)",""
"2021-10-14 16:00:00 013417283_000_000","FINAL_CHOICE","","5,976.20","Add stETH (Lido Staked ETH) as a new Vault Type - October 11, 2021","Yes",""
"2021-10-14 16:00:00 013417283_000_000","FINAL_CHOICE","","5,976.20","Nexo Institutional Vault Onboarding - October 11, 2021","Yes",""
"2021-10-14 16:00:00 013417283_000_000","FINAL_CHOICE","","5,976.20","PaperImperium Supplemental Compensation - October 11, 2021","No",""
"2021-10-14 16:00:00 013417283_000_000","FINAL_CHOICE","","5,976.20","Add the Aave Direct Deposit DAI Module (D3M) - October 11, 2021","Yes",""
"2021-10-14 16:00:00 013417283_000_000","FINAL_CHOICE","","5,976.20","Increase the GUNIV3DAIUSDC1-A Debt Ceiling - October 11, 2021","Yes",""
"2021-10-12 22:54:47 013406449_051_000_0","CHOOSE","","5,976.20","Add the Aave Direct Deposit DAI Module (D3M) - October 11, 2021","Yes",""
"2021-10-12 22:54:47 013406449_051_000_0","CHOOSE","","5,976.20","Community Greenlight Poll - CurveLP-stETH-ETH (Curve stETH-ETH LP Token) - October 4, 2021","Yes (Greenlight)",""
"2021-10-12 22:54:47 013406449_051_000_0","CHOOSE","","5,976.20","PaperImperium Supplemental Compensation - October 11, 2021","No",""
"2021-10-12 22:54:47 013406449_051_000_0","CHOOSE","","5,976.20","Increase the GUNIV3DAIUSDC1-A Debt Ceiling - October 11, 2021","Yes",""
"2021-10-12 22:54:47 013406449_051_000_0","CHOOSE","","5,976.20","Add stETH (Lido Staked ETH) as a new Vault Type - October 11, 2021","Yes",""
"2021-10-12 22:54:47 013406449_051_000_0","CHOOSE","","5,976.20","Nexo Institutional Vault Onboarding - October 11, 2021","Yes",""
"2021-10-12 22:54:47 013406449_051_000_0","CHOOSE","","5,976.20","Ratification Poll for Adding the Deco Fixed Rate Core Unit (DECO-001) - October 11, 2021","Abstain",""
"2021-10-12 22:54:47 013406449_051_000_0","CHOOSE","","5,976.20","Ratification Poll for Adding Data Insights Core Unit (DIN-001) - October 11, 2021","Yes",""
"2021-10-12 22:54:47 013406449_051_000_0","CHOOSE","","5,976.20","Ratification Poll for Growth Core Unit Budget, GRO-001 (MIP40c3-SP37) - October 11, 2021","Yes",""
"2021-10-12 22:54:47 013406449_051_000_0","CHOOSE","","5,976.20","Ratification Poll for Modify Core Unit Budget, MKT-001 (MIP40c3-SP33) - October 11, 2021","Yes",""
"2021-10-12 22:54:47 013406449_051_000_0","CHOOSE","","5,976.20","Ratification Poll for Adding MakerLabs Core Unit (SNUNK-001) - October 11, 2021","Yes",""
"2021-10-12 22:54:47 013406449_051_000_0","CHOOSE","","5,976.20","Ratification Poll for Implementation of DSS Charter (MIP59) - October 11, 2021","Yes",""
"2021-09-27 16:00:00 013308756_000_000","FINAL_CHOICE","","5,976.20","Ratification Poll for StarkNet Engineering Core Unit, SNE-001 - September 13, 2021","Yes",""
"2021-09-27 16:00:00 013308756_000_000","FINAL_CHOICE","","5,976.20","Ratification Poll for Development & UX Core Unit, DUX-001 - September 13, 2021","Yes",""
"2021-09-27 16:00:00 013308756_000_000","FINAL_CHOICE","","5,976.20","Ratification Poll for Strategic Happiness Core Unit, SH-001 - September 13, 2021","Abstain",""
"2021-09-27 16:00:00 013308756_000_000","FINAL_CHOICE","","5,976.20","Ratification Poll for RWA Foundations (MIP58) - September 13, 2021","Yes",""
"2021-09-27 16:00:00 013308756_000_000","FINAL_CHOICE","","5,976.20","Ratification Poll for Collateral Engineering Services Core Unit, CES-001 - September 13, 2021","No",""
"2021-09-27 16:00:00 013308756_000_000","FINAL_CHOICE","","5,976.20","Ratification Poll for Modify Core Unit Budget - Sustainable Ecosystem Scaling (MIP40c3-SP31) - September 13, 2021","Yes",""
"2021-09-27 16:00:00 013308756_000_000","FINAL_CHOICE","","5,976.20","Ratification Poll for Risk Core Unit MKR Compensation (MIP40c3-SP25) -  September 13, 2021","Yes",""
"2021-09-27 16:00:00 013308756_000_000","FINAL_CHOICE","","5,976.20","Ratification Poll for GovAlpha Core Unit Budget Q4 2021 to Q1 2022 (MIP40c3-SP29) - September 13, 2021","Yes",""
"2021-09-20 16:00:00 013263577_000_000","FINAL_CHOICE","","5,976.20","Community Greenlight Poll - RAI (Rai Reflex Index) - September 6, 2021","Yes (Greenlight)",""
"2021-09-20 16:00:00 013263577_000_000","FINAL_CHOICE","","5,976.20","Community Greenlight Poll - RARE (SuperRare) - September 6, 2021","No (Defer)",""
"2021-09-16 16:00:00 013237728_000_000","FINAL_CHOICE","","5,976.20","Adopt the Debt Ceiling Instant Access Module (DC-IAM) for PSM-PAX-A - September 13, 2021","Yes",""
"2021-09-16 16:00:00 013237728_000_000","FINAL_CHOICE","","5,976.20","Add GUNIV3DAIUSDC1-A as a new Vault Type - September 13, 2021","Yes",""
"2021-09-16 16:00:00 013237728_000_000","FINAL_CHOICE","","5,976.20","Offboard KNC Legacy Token - September 13, 2021","Yes",""
"2021-09-15 11:12:13 013229969_028_000_0","CHOOSE","","5,976.20","Adopt the Debt Ceiling Instant Access Module (DC-IAM) for PSM-PAX-A - September 13, 2021","Yes",""
"2021-09-15 11:12:13 013229969_028_000_0","CHOOSE","","5,976.20","Add GUNIV3DAIUSDC1-A as a new Vault Type - September 13, 2021","Yes",""
"2021-09-15 11:12:13 013229969_028_000_0","CHOOSE","","5,976.20","Ratification Poll for Strategic Happiness Core Unit, SH-001 - September 13, 2021","Abstain",""
"2021-09-15 11:12:13 013229969_028_000_0","CHOOSE","","5,976.20","Ratification Poll for RWA Foundations (MIP58) - September 13, 2021","Yes",""
"2021-09-15 11:12:13 013229969_028_000_0","CHOOSE","","5,976.20","Ratification Poll for StarkNet Engineering Core Unit, SNE-001 - September 13, 2021","Yes",""
"2021-09-15 11:12:13 013229969_028_000_0","CHOOSE","","5,976.20","Ratification Poll for Development & UX Core Unit, DUX-001 - September 13, 2021","Yes",""
"2021-09-15 11:12:13 013229969_028_000_0","CHOOSE","","5,976.20","Ratification Poll for GovAlpha Core Unit Budget Q4 2021 to Q1 2022 (MIP40c3-SP29) - September 13, 2021","Yes",""
"2021-09-15 11:12:13 013229969_028_000_0","CHOOSE","","5,976.20","Ratification Poll for Modify Core Unit Budget - Sustainable Ecosystem Scaling (MIP40c3-SP31) - September 13, 2021","Yes",""
"2021-09-15 11:12:13 013229969_028_000_0","CHOOSE","","5,976.20","Ratification Poll for Collateral Engineering Services Core Unit, CES-001 - September 13, 2021","No",""
"2021-09-15 11:12:13 013229969_028_000_0","CHOOSE","","5,976.20","Ratification Poll for Risk Core Unit MKR Compensation (MIP40c3-SP25) -  September 13, 2021","Yes",""
"2021-09-15 11:12:13 013229969_028_000_0","CHOOSE","","5,976.20","Offboard KNC Legacy Token - September 13, 2021","Yes",""
"2021-09-09 09:39:23 013190767_018_000_0","CHOOSE","","5,976.20","Community Greenlight Poll - RARE (SuperRare) - September 6, 2021","No (Defer)",""
"2021-09-09 09:39:23 013190767_018_000_0","CHOOSE","","5,976.20","Community Greenlight Poll - RAI (Rai Reflex Index) - September 6, 2021","Yes (Greenlight)",""
"2021-08-30 22:26:54 013129569_046_000_000_001_1","UP-VOTE","","5,976.20","Vault Onboarding, 6s Updates, and Reducing Vault Liquidation Ratios - August 20, 2021","",""
"2021-08-30 22:26:54 013129569_046_000_000_001_0","STAKE","3,193.00","5,976.20","","",""
"2021-08-30 22:24:57 013129560_156_000_000_001_1","UP-VOTE","","2,783.20","Vault Onboarding, 6s Updates, and Reducing Vault Liquidation Ratios - August 20, 2021","",""
"2021-08-30 22:24:57 013129560_156_000_000_001_0","STAKE","1,713.03","2,783.20","","",""
"2021-08-30 21:07:51 013129208_015_000_000_001_1","UP-VOTE","","1,070.17","Vault Onboarding, 6s Updates, and Reducing Vault Liquidation Ratios - August 20, 2021","",""
"2021-08-30 21:07:51 013129208_015_000_000_001_0","STAKE","1,070.17","1,070.17","","",""
"2021-08-30 16:00:00 013127846_000_000","FINAL_CHOICE","","0.00","Community Greenlight Poll - CNC1-DROP (CapitalNow Cannabis DROP) - August 16, 2021","No (Defer)",""
"2021-08-30 16:00:00 013127846_000_000","FINAL_CHOICE","","0.00","Community Greenlight Poll - CGFF-DROP (Cauris Global Fintech Fund DROP) - August 16, 2021","Yes (Greenlight)",""
"2021-08-30 16:00:00 013127846_000_000","FINAL_CHOICE","","0.00","Community Greenlight Poll - NCP01-DROP (Nebula Capital Partners DROP) - August 16, 2021","Yes (Greenlight)",""
"2021-08-26 19:36:13 013102954_023_000_0","VOTE","","0.00","Vault Onboarding, 6s Updates, and Reducing Vault Liquidation Ratios - August 20, 2021","",""
"2021-08-26 19:31:15 013102934_097_000_0","CHOOSE","","0.00","Community Greenlight Poll - NCP01-DROP (Nebula Capital Partners DROP) - August 16, 2021","Yes (Greenlight)",""
"2021-08-26 19:31:15 013102934_097_000_0","CHOOSE","","0.00","Community Greenlight Poll - CNC1-DROP (CapitalNow Cannabis DROP) - August 16, 2021","No (Defer)",""
"2021-08-26 19:31:15 013102934_097_000_0","CHOOSE","","0.00","Community Greenlight Poll - CGFF-DROP (Cauris Global Fintech Fund DROP) - August 16, 2021","Yes (Greenlight)",""
